Connecting to Google Drive API...
Loaded authentication token from environment.
Token expired. Refreshing...
Connected successfully. Target Google Drive Folder ID: 1g2uGiWJMCiMenw8_IKFga1M7iIJIaLax
Đang quét bài được chấp nhận tại NeurIPS.cc/2025/Conference...
-> [Thành công V2] Tìm thấy 5286 bài ACCEPTED cho năm 2025

Tổng số bài báo ACCEPTED chưa xử lý: 4559

[1-30/4559] Đang truy vấn metadata arXiv theo lô...
   ⚠️ Title 'Greedy Algorithms for Structur...' not found in arXiv batch. Trying fallbacks...
   [Semantic Scholar] Rate limited (429). Blocking S2 for 60s...
   => Pushing compressed archive to Google Drive...
   => Pushing compressed archive to Google Drive...
   => Pushing compressed archive to Google Drive...
   => Pushing compressed archive to Google Drive...
   => Pushing compressed archive to Google Drive...
   => Pushing compressed archive to Google Drive...
   => Pushing compressed archive to Google Drive...
   => Pushing compressed archive to Google Drive...
   => Pushing compressed archive to Google Drive...
   => Pushing compressed archive to Google Drive...
   => Pushing compressed archive to Google Drive...
   => Pushing compressed archive to Google Drive...
   => Pushing compressed archive to Google Drive...
   ⚠️ Title 'Dynamic Siamese Expansion Fram...' not found in arXiv batch. Trying fallbacks...
   [Semantic Scholar] Rate limited (429). Blocking S2 for 60s...
   => Pushing compressed archive to Google Drive...
   => Pushing compressed archive to Google Drive...
   => Pushing compressed archive to Google Drive...
   => Pushing compressed archive to Google Drive...
   => Pushing compressed archive to Google Drive...
   => Pushing compressed archive to Google Drive...
   => Pushing compressed archive to Google Drive...
   ⚠️ Title 'Defining and Discovering Hyper...' not found in arXiv batch. Trying fallbacks...
   [Semantic Scholar] Rate limited (429). Blocking S2 for 60s...
   ⚠️ Title 'Generalization Guarantees for ...' not found in arXiv batch. Trying fallbacks...
   => Pushing compressed archive to Google Drive...
   => Pushing compressed archive to Google Drive...
   => Pushing compressed archive to Google Drive...
   ⚠️ Title 'Hierachical Balance Packing: T...' not found in arXiv batch. Trying fallbacks...
   => Pushing compressed archive to Google Drive...
   => Pushing compressed archive to Google Drive...

[31-60/4559] Đang truy vấn metadata arXiv theo lô...
   => Pushing compressed archive to Google Drive...
   => Pushing compressed archive to Google Drive...
   ⚠️ Title 'ENMA: Tokenwise Autoregression...' not found in arXiv batch. Trying fallbacks...
   ⚠️ Title 'Stability and Oracle Inequalit...' not found in arXiv batch. Trying fallbacks...
   => Pushing compressed archive to Google Drive...
   => Pushing compressed archive to Google Drive...
   => Pushing compressed archive to Google Drive...
   => Pushing compressed archive to Google Drive...
   => Pushing compressed archive to Google Drive...
   ⚠️ Title 'Unfolding the Black Box of Rec...' not found in arXiv batch. Trying fallbacks...
   => Pushing compressed archive to Google Drive...
   => Pushing compressed archive to Google Drive...
   => Pushing compressed archive to Google Drive...
   ⚠️ Title 'DynaPipe: Dynamic Layer Redist...' not found in arXiv batch. Trying fallbacks...
   [Semantic Scholar] Rate limited (429). Blocking S2 for 60s...
   => Pushing compressed archive to Google Drive...
   => Pushing compressed archive to Google Drive...
   => Pushing compressed archive to Google Drive...
   => Pushing compressed archive to Google Drive...
   => Pushing compressed archive to Google Drive...
   => Pushing compressed archive to Google Drive...
   ⚠️ Title 'DeltaFormer: Unlock the state ...' not found in arXiv batch. Trying fallbacks...
   => Pushing compressed archive to Google Drive...
   => Pushing compressed archive to Google Drive...
   => Pushing compressed archive to Google Drive...
   => Pushing compressed archive to Google Drive...
   => Pushing compressed archive to Google Drive...
   => Pushing compressed archive to Google Drive...
   => Pushing compressed archive to Google Drive...
   => Pushing compressed archive to Google Drive...
   => Pushing compressed archive to Google Drive...

[61-90/4559] Đang truy vấn metadata arXiv theo lô...
   => Pushing compressed archive to Google Drive...
   ⚠️ Title 'SPFL: Sequential updates with ...' not found in arXiv batch. Trying fallbacks...
   [Semantic Scholar] Rate limited (429). Blocking S2 for 60s...
   ⚠️ Title 'Scaling Epidemic Inference on ...' not found in arXiv batch. Trying fallbacks...
   => Pushing compressed archive to Google Drive...
   => Pushing compressed archive to Google Drive...
   => Pushing compressed archive to Google Drive...
   => Pushing compressed archive to Google Drive...
   => Pushing compressed archive to Google Drive...
   ⚠️ Title 'FracFace: Breaking the Visual ...' not found in arXiv batch. Trying fallbacks...
   [Semantic Scholar] Rate limited (429). Blocking S2 for 60s...
   => Pushing compressed archive to Google Drive...
   => Pushing compressed archive to Google Drive...
   => Pushing compressed archive to Google Drive...
   => Pushing compressed archive to Google Drive...
   => Pushing compressed archive to Google Drive...
   => Pushing compressed archive to Google Drive...
   => Pushing compressed archive to Google Drive...
   ⚠️ Title 'ViSPLA: Visual Iterative Self-...' not found in arXiv batch. Trying fallbacks...
   [Semantic Scholar] Rate limited (429). Blocking S2 for 60s...
   => Pushing compressed archive to Google Drive...
   => Pushing compressed archive to Google Drive...
   ⚠️ Title 'A data and task-constrained me...' not found in arXiv batch. Trying fallbacks...
   ⚠️ Title 'PIPE: Physics-Informed Positio...' not found in arXiv batch. Trying fallbacks...
   => Pushing compressed archive to Google Drive...
   => Pushing compressed archive to Google Drive...
   => Pushing compressed archive to Google Drive...
   => Pushing compressed archive to Google Drive...
   => Pushing compressed archive to Google Drive...
   ⚠️ Title 'Graph-Based Attention for Diff...' not found in arXiv batch. Trying fallbacks...
   => Pushing compressed archive to Google Drive...
   => Pushing compressed archive to Google Drive...
   => Pushing compressed archive to Google Drive...

[91-120/4559] Đang truy vấn metadata arXiv theo lô...
   => Pushing compressed archive to Google Drive...
   => Pushing compressed archive to Google Drive...
   => Pushing compressed archive to Google Drive...
   => Pushing compressed archive to Google Drive...
   ⚠️ Title 'Iterative Missing Data Imputat...' not found in arXiv batch. Trying fallbacks...
   [Semantic Scholar] Rate limited (429). Blocking S2 for 60s...
   => Pushing compressed archive to Google Drive...
   ⚠️ Title 'Dr. RAW: Towards General High-...' not found in arXiv batch. Trying fallbacks...
   => Pushing compressed archive to Google Drive...
   => Pushing compressed archive to Google Drive...
   => Pushing compressed archive to Google Drive...
   => Pushing compressed archive to Google Drive...
   => Pushing compressed archive to Google Drive...
   ⚠️ Title 'KeeA*: Epistemic Exploratory A...' not found in arXiv batch. Trying fallbacks...
   => Pushing compressed archive to Google Drive...
   => Pushing compressed archive to Google Drive...
   => Pushing compressed archive to Google Drive...
   => Pushing compressed archive to Google Drive...
   ⚠️ Title 'Beyond Prediction: Managing th...' not found in arXiv batch. Trying fallbacks...
   [Semantic Scholar] Rate limited (429). Blocking S2 for 60s...
   ⚠️ Title 'Rig3R: Rig-Aware Conditioning ...' not found in arXiv batch. Trying fallbacks...
   => Pushing compressed archive to Google Drive...
   => Pushing compressed archive to Google Drive...
   => Pushing compressed archive to Google Drive...
   => Pushing compressed archive to Google Drive...
   => Pushing compressed archive to Google Drive...
   ⚠️ Title 'Distributed mediation analysis...' not found in arXiv batch. Trying fallbacks...
   => Pushing compressed archive to Google Drive...
   => Pushing compressed archive to Google Drive...
   ⚠️ Title 'NaDRO: Leveraging Dual-Reward ...' not found in arXiv batch. Trying fallbacks...
   => Pushing compressed archive to Google Drive...
   => Pushing compressed archive to Google Drive...

[121-150/4559] Đang truy vấn metadata arXiv theo lô...
   => Pushing compressed archive to Google Drive...
   ⚠️ Title 'Restricted Global-Aware Graph ...' not found in arXiv batch. Trying fallbacks...
   => Pushing compressed archive to Google Drive...
   => Pushing compressed archive to Google Drive...
   ⚠️ Title 'Unlocker: Disentangle the Dead...' not found in arXiv batch. Trying fallbacks...
   [Semantic Scholar] Rate limited (429). Blocking S2 for 60s...
   => Pushing compressed archive to Google Drive...
   => Pushing compressed archive to Google Drive...
   => Pushing compressed archive to Google Drive...
   => Pushing compressed archive to Google Drive...
   => Pushing compressed archive to Google Drive...
   => Pushing compressed archive to Google Drive...
   => Pushing compressed archive to Google Drive...
   => Pushing compressed archive to Google Drive...
   => Pushing compressed archive to Google Drive...
   => Pushing compressed archive to Google Drive...
   => Pushing compressed archive to Google Drive...
   => Pushing compressed archive to Google Drive...
   => Pushing compressed archive to Google Drive...
   => Pushing compressed archive to Google Drive...
   => Pushing compressed archive to Google Drive...
   => Pushing compressed archive to Google Drive...
   => Pushing compressed archive to Google Drive...
   ⚠️ Title 'VoxDet: Rethinking 3D Semantic...' not found in arXiv batch. Trying fallbacks...
   [Semantic Scholar] Rate limited (429). Blocking S2 for 60s...
   ⚠️ Title 'GTR-Loc: Geospatial Text Regul...' not found in arXiv batch. Trying fallbacks...
   => Pushing compressed archive to Google Drive...
   => Pushing compressed archive to Google Drive...
   => Pushing compressed archive to Google Drive...
   => Pushing compressed archive to Google Drive...
   => Pushing compressed archive to Google Drive...
   => Pushing compressed archive to Google Drive...

[151-180/4559] Đang truy vấn metadata arXiv theo lô...
   => Pushing compressed archive to Google Drive...
   => Pushing compressed archive to Google Drive...
   => Pushing compressed archive to Google Drive...
   ⚠️ Title 'On the $O(\frac{\sqrt{d}}{K^{1...' not found in arXiv batch. Trying fallbacks...
   [HTML Search] Found ArXiv ID for 'On the $O(\frac{\sqrt{d}}{K^{1...': 2505.11840
   => Pushing compressed archive to Google Drive...
   => Pushing compressed archive to Google Drive...
   => Pushing compressed archive to Google Drive...
   => Pushing compressed archive to Google Drive...
   => Pushing compressed archive to Google Drive...
   => Pushing compressed archive to Google Drive...
   => Pushing compressed archive to Google Drive...
   => Pushing compressed archive to Google Drive...
   ⚠️ Title 'LoRA-EnVar: Parameter-Efficien...' not found in arXiv batch. Trying fallbacks...
   [Semantic Scholar] Rate limited (429). Blocking S2 for 60s...
   ⚠️ Title 'DiffE2E: Rethinking End-to-End...' not found in arXiv batch. Trying fallbacks...
   => Pushing compressed archive to Google Drive...
   => Pushing compressed archive to Google Drive...
   => Pushing compressed archive to Google Drive...
   => Pushing compressed archive to Google Drive...
   ⚠️ Title 'Neural Rule Lists: Learning Di...' not found in arXiv batch. Trying fallbacks...
   => Pushing compressed archive to Google Drive...
   ⚠️ Title 'DualEqui: A Dual-Space Hierarc...' not found in arXiv batch. Trying fallbacks...
   => Pushing compressed archive to Google Drive...
   => Pushing compressed archive to Google Drive...
   => Pushing compressed archive to Google Drive...
   => Pushing compressed archive to Google Drive...
   ⚠️ Title 'DUET: Dual-Perspective Pseudo ...' not found in arXiv batch. Trying fallbacks...
   [Semantic Scholar] Rate limited (429). Blocking S2 for 60s...
   => Pushing compressed archive to Google Drive...
   ⚠️ Title 'Gaze-VLM: Bridging Gaze and VL...' not found in arXiv batch. Trying fallbacks...
   => Pushing compressed archive to Google Drive...
   => Pushing compressed archive to Google Drive...
   => Pushing compressed archive to Google Drive...

[181-210/4559] Đang truy vấn metadata arXiv theo lô...
   => Pushing compressed archive to Google Drive...
   => Pushing compressed archive to Google Drive...
   => Pushing compressed archive to Google Drive...
   => Pushing compressed archive to Google Drive...
   ⚠️ Title 'Quantifying Task-relevant Simi...' not found in arXiv batch. Trying fallbacks...
   [Semantic Scholar] Rate limited (429). Blocking S2 for 60s...
   ⚠️ Title 'DUO: No Compromise to Accuracy...' not found in arXiv batch. Trying fallbacks...
   => Pushing compressed archive to Google Drive...
   => Pushing compressed archive to Google Drive...
   => Pushing compressed archive to Google Drive...
   => Pushing compressed archive to Google Drive...
   => Pushing compressed archive to Google Drive...
   => Pushing compressed archive to Google Drive...
   => Pushing compressed archive to Google Drive...
   => Pushing compressed archive to Google Drive...
   => Pushing compressed archive to Google Drive...
   ⚠️ Title 'Reverse-Annealed Sequential Mo...' not found in arXiv batch. Trying fallbacks...
   [Semantic Scholar] Rate limited (429). Blocking S2 for 60s...
   => Pushing compressed archive to Google Drive...
   => Pushing compressed archive to Google Drive...
   => Pushing compressed archive to Google Drive...
   => Pushing compressed archive to Google Drive...
   => Pushing compressed archive to Google Drive...
   => Pushing compressed archive to Google Drive...
   => Pushing compressed archive to Google Drive...
   => Pushing compressed archive to Google Drive...
   ⚠️ Title 'Do LVLMs Truly Understand Vide...' not found in arXiv batch. Trying fallbacks...
   => Pushing compressed archive to Google Drive...
   ⚠️ Title 'Noisy Multi-Label Learning thr...' not found in arXiv batch. Trying fallbacks...
   [Semantic Scholar] Rate limited (429). Blocking S2 for 60s...
   => Pushing compressed archive to Google Drive...
   => Pushing compressed archive to Google Drive...
   ⚠️ Title 'Efficient $k$-Sparse Band–Limi...' not found in arXiv batch. Trying fallbacks...

[211-240/4559] Đang truy vấn metadata arXiv theo lô...
   => Pushing compressed archive to Google Drive...
   ⚠️ Title 'Counterfactual Image Editing w...' not found in arXiv batch. Trying fallbacks...
   [Semantic Scholar] Rate limited (429). Blocking S2 for 60s...
   => Pushing compressed archive to Google Drive...
   => Pushing compressed archive to Google Drive...
   => Pushing compressed archive to Google Drive...
   ⚠️ Title 'DecompNet: Enhancing Time Seri...' not found in arXiv batch. Trying fallbacks...
   => Pushing compressed archive to Google Drive...
   => Pushing compressed archive to Google Drive...
   => Pushing compressed archive to Google Drive...
   => Pushing compressed archive to Google Drive...
   => Pushing compressed archive to Google Drive...
   => Pushing compressed archive to Google Drive...
   => Pushing compressed archive to Google Drive...
   => Pushing compressed archive to Google Drive...
   ⚠️ Title 'Explore In-Context Message Pas...' not found in arXiv batch. Trying fallbacks...
   => Pushing compressed archive to Google Drive...
   => Pushing compressed archive to Google Drive...
   => Pushing compressed archive to Google Drive...
   => Pushing compressed archive to Google Drive...
   => Pushing compressed archive to Google Drive...
   => Pushing compressed archive to Google Drive...
   => Pushing compressed archive to Google Drive...
   ⚠️ Title 'Causal Explanation-Guided Lear...' not found in arXiv batch. Trying fallbacks...
   [Semantic Scholar] Rate limited (429). Blocking S2 for 60s...
   ⚠️ Title 'Individually Fair Diversity Ma...' not found in arXiv batch. Trying fallbacks...
   => Pushing compressed archive to Google Drive...
   ⚠️ Title 'Can Agent Fix Agent Issues?...' not found in arXiv batch. Trying fallbacks...
   => Pushing compressed archive to Google Drive...
   ⚠️ Title 'PINNs with Learnable Quadratur...' not found in arXiv batch. Trying fallbacks...
   => Pushing compressed archive to Google Drive...
   => Pushing compressed archive to Google Drive...

[241-270/4559] Đang truy vấn metadata arXiv theo lô...
   => Pushing compressed archive to Google Drive...
   ⚠️ Title 'A CLT for Polynomial GNNs on C...' not found in arXiv batch. Trying fallbacks...
   => Pushing compressed archive to Google Drive...
   ⚠️ Title 'un$^2$CLIP: Improving CLIP's V...' not found in arXiv batch. Trying fallbacks...
   ⚠️ Title 'Multimodal LiDAR-Camera Novel ...' not found in arXiv batch. Trying fallbacks...
   ⚠️ Title 'Follow-the-Perturbed-Leader Ne...' not found in arXiv batch. Trying fallbacks...
   => Pushing compressed archive to Google Drive...
   => Pushing compressed archive to Google Drive...
   => Pushing compressed archive to Google Drive...
   => Pushing compressed archive to Google Drive...
   => Pushing compressed archive to Google Drive...
   => Pushing compressed archive to Google Drive...
   => Pushing compressed archive to Google Drive...
   => Pushing compressed archive to Google Drive...
   => Pushing compressed archive to Google Drive...
   => Pushing compressed archive to Google Drive...
   => Pushing compressed archive to Google Drive...
   => Pushing compressed archive to Google Drive...
   => Pushing compressed archive to Google Drive...
   => Pushing compressed archive to Google Drive...
   => Pushing compressed archive to Google Drive...
   ⚠️ Title 'Quantitative convergence of tr...' not found in arXiv batch. Trying fallbacks...
   [Semantic Scholar] Rate limited (429). Blocking S2 for 60s...
   => Pushing compressed archive to Google Drive...
   => Pushing compressed archive to Google Drive...
   => Pushing compressed archive to Google Drive...
   => Pushing compressed archive to Google Drive...
   => Pushing compressed archive to Google Drive...
   => Pushing compressed archive to Google Drive...
   => Pushing compressed archive to Google Drive...
   => Pushing compressed archive to Google Drive...

[271-300/4559] Đang truy vấn metadata arXiv theo lô...
   ⚠️ Title 'Soft-consensual Federated Lear...' not found in arXiv batch. Trying fallbacks...
   => Pushing compressed archive to Google Drive...
   ⚠️ Title 'Self-Evolving Pseudo-Rehearsal...' not found in arXiv batch. Trying fallbacks...
   => Pushing compressed archive to Google Drive...
   => Pushing compressed archive to Google Drive...
   => Pushing compressed archive to Google Drive...
   => Pushing compressed archive to Google Drive...
   ⚠️ Title 'Efficient Knowledge Transfer i...' not found in arXiv batch. Trying fallbacks...
   [Semantic Scholar] Rate limited (429). Blocking S2 for 60s...
   => Pushing compressed archive to Google Drive...
   => Pushing compressed archive to Google Drive...
   => Pushing compressed archive to Google Drive...
   => Pushing compressed archive to Google Drive...
   ⚠️ Title 'Transformers for Mixed-type Ev...' not found in arXiv batch. Trying fallbacks...
   => Pushing compressed archive to Google Drive...
   => Pushing compressed archive to Google Drive...
   => Pushing compressed archive to Google Drive...
   ⚠️ Title 'Gate to the Vessel: Residual E...' not found in arXiv batch. Trying fallbacks...
   ⚠️ Title 'FedWMSAM: Fast and Flat Federa...' not found in arXiv batch. Trying fallbacks...
   => Pushing compressed archive to Google Drive...
   => Pushing compressed archive to Google Drive...
   ⚠️ Title 'The Future Unmarked: Watermark...' not found in arXiv batch. Trying fallbacks...
   [Semantic Scholar] Rate limited (429). Blocking S2 for 60s...
   => Pushing compressed archive to Google Drive...
   => Pushing compressed archive to Google Drive...
   ⚠️ Title 'GMM-based VAE model with Norma...' not found in arXiv batch. Trying fallbacks...
   ⚠️ Title 'Projection-Manifold Regularize...' not found in arXiv batch. Trying fallbacks...
   ⚠️ Title 'Mixture of Inputs: Text Genera...' not found in arXiv batch. Trying fallbacks...
   => Pushing compressed archive to Google Drive...
   => Pushing compressed archive to Google Drive...
   => Pushing compressed archive to Google Drive...
   => Pushing compressed archive to Google Drive...

[301-330/4559] Đang truy vấn metadata arXiv theo lô...
   => Pushing compressed archive to Google Drive...
   => Pushing compressed archive to Google Drive...
   => Pushing compressed archive to Google Drive...
   => Pushing compressed archive to Google Drive...
   => Pushing compressed archive to Google Drive...
   => Pushing compressed archive to Google Drive...
   => Pushing compressed archive to Google Drive...
   => Pushing compressed archive to Google Drive...
   => Pushing compressed archive to Google Drive...
   => Pushing compressed archive to Google Drive...
   => Pushing compressed archive to Google Drive...
   => Pushing compressed archive to Google Drive...
   ⚠️ Title 'Brain-Informed Fine-Tuning for...' not found in arXiv batch. Trying fallbacks...
   [Semantic Scholar] Rate limited (429). Blocking S2 for 60s...
   => Pushing compressed archive to Google Drive...
   ⚠️ Title 'Feedback-Aware MCTS for Goal-O...' not found in arXiv batch. Trying fallbacks...
   => Pushing compressed archive to Google Drive...
   => Pushing compressed archive to Google Drive...
   => Pushing compressed archive to Google Drive...
   => Pushing compressed archive to Google Drive...
   => Pushing compressed archive to Google Drive...
   => Pushing compressed archive to Google Drive...
   => Pushing compressed archive to Google Drive...
   => Pushing compressed archive to Google Drive...
   => Pushing compressed archive to Google Drive...
   => Pushing compressed archive to Google Drive...
   ⚠️ Title 'Near-Exponential Savings for P...' not found in arXiv batch. Trying fallbacks...
   [Semantic Scholar] Rate limited (429). Blocking S2 for 60s...
   => Pushing compressed archive to Google Drive...
   => Pushing compressed archive to Google Drive...
   ⚠️ Title 'Boosting the Uniqueness of Neu...' not found in arXiv batch. Trying fallbacks...
   => Pushing compressed archive to Google Drive...

[331-360/4559] Đang truy vấn metadata arXiv theo lô...
   ⚠️ Title 'Balancing Positive and Negativ...' not found in arXiv batch. Trying fallbacks...
   ⚠️ Title 'Transcending Cost-Quality Trad...' not found in arXiv batch. Trying fallbacks...
   => Pushing compressed archive to Google Drive...
   => Pushing compressed archive to Google Drive...
   => Pushing compressed archive to Google Drive...
   => Pushing compressed archive to Google Drive...
   => Pushing compressed archive to Google Drive...
   ⚠️ Title 'DON’T NEED RETRAINING: A Mixtu...' not found in arXiv batch. Trying fallbacks...
   ⚠️ Title 'GAMMA: Gated Multi-hop Message...' not found in arXiv batch. Trying fallbacks...
   ⚠️ Title 'NormFit: A Lightweight Solutio...' not found in arXiv batch. Trying fallbacks...
   => Pushing compressed archive to Google Drive...
   => Pushing compressed archive to Google Drive...
   => Pushing compressed archive to Google Drive...
   => Pushing compressed archive to Google Drive...
   => Pushing compressed archive to Google Drive...
   ⚠️ Title 'Continuous Soft Actor-Critic: ...' not found in arXiv batch. Trying fallbacks...
   [Semantic Scholar] Rate limited (429). Blocking S2 for 60s...
   ⚠️ Title 'Why Diffusion Models Don’t Mem...' not found in arXiv batch. Trying fallbacks...
   => Pushing compressed archive to Google Drive...
   => Pushing compressed archive to Google Drive...
   => Pushing compressed archive to Google Drive...
   => Pushing compressed archive to Google Drive...
   => Pushing compressed archive to Google Drive...
   => Pushing compressed archive to Google Drive...
   => Pushing compressed archive to Google Drive...
   => Pushing compressed archive to Google Drive...
   ⚠️ Title 'Functional Virtual Adversarial...' not found in arXiv batch. Trying fallbacks...
   => Pushing compressed archive to Google Drive...
   => Pushing compressed archive to Google Drive...
   ⚠️ Title 'Tabula: A Tabular Self-Supervi...' not found in arXiv batch. Trying fallbacks...
   => Pushing compressed archive to Google Drive...

[361-390/4559] Đang truy vấn metadata arXiv theo lô...
   ⚠️ Title 'PermLLM: Learnable Channel Per...' not found in arXiv batch. Trying fallbacks...
   [HTML Search] Found ArXiv ID for 'PermLLM: Learnable Channel Per...': 2510.10136
   => Pushing compressed archive to Google Drive...
   => Pushing compressed archive to Google Drive...
   ⚠️ Title 'Accelerated Distance-adaptive ...' not found in arXiv batch. Trying fallbacks...
   [HTML Search] Found ArXiv ID for 'Accelerated Distance-adaptive ...': 2510.22135
   => Pushing compressed archive to Google Drive...
   => Pushing compressed archive to Google Drive...
   => Pushing compressed archive to Google Drive...
   ⚠️ Title 'SIFusion: A Unified Fusion Fra...' not found in arXiv batch. Trying fallbacks...
   [Semantic Scholar] Rate limited (429). Blocking S2 for 60s...
   => Pushing compressed archive to Google Drive...
   ⚠️ Title 'Adaptive Time Encoding for Irr...' not found in arXiv batch. Trying fallbacks...
   => Pushing compressed archive to Google Drive...
   ⚠️ Title 'Robust Integrated Learning and...' not found in arXiv batch. Trying fallbacks...
   => Pushing compressed archive to Google Drive...
   ⚠️ Title 'Meta-D2AG: Causal Graph Learni...' not found in arXiv batch. Trying fallbacks...
   => Pushing compressed archive to Google Drive...
   => Pushing compressed archive to Google Drive...
   => Pushing compressed archive to Google Drive...
   => Pushing compressed archive to Google Drive...
   ⚠️ Title 'Learning 3D Anisotropic Noise ...' not found in arXiv batch. Trying fallbacks...
   => Pushing compressed archive to Google Drive...
   => Pushing compressed archive to Google Drive...
   ⚠️ Title 'Proper Hölder-Kullback Dirichl...' not found in arXiv batch. Trying fallbacks...
   ⚠️ Title 'Length Generalization via Auxi...' not found in arXiv batch. Trying fallbacks...
   ⚠️ Title 'PolarQuant: Leveraging Polar T...' not found in arXiv batch. Trying fallbacks...
   => Pushing compressed archive to Google Drive...
   => Pushing compressed archive to Google Drive...
   => Pushing compressed archive to Google Drive...
   ⚠️ Title 'Collaborative Reasoner: Self-I...' not found in arXiv batch. Trying fallbacks...
   ⚠️ Title 'SALoM: Structure Aware Tempora...' not found in arXiv batch. Trying fallbacks...
   [Semantic Scholar] Rate limited (429). Blocking S2 for 60s...
   => Pushing compressed archive to Google Drive...
   ⚠️ Title 'Support  Vector  Generation: K...' not found in arXiv batch. Trying fallbacks...
   => Pushing compressed archive to Google Drive...

[391-420/4559] Đang truy vấn metadata arXiv theo lô...
   => Pushing compressed archive to Google Drive...
   => Pushing compressed archive to Google Drive...
   => Pushing compressed archive to Google Drive...
   => Pushing compressed archive to Google Drive...
   => Pushing compressed archive to Google Drive...
   => Pushing compressed archive to Google Drive...
   => Pushing compressed archive to Google Drive...
   => Pushing compressed archive to Google Drive...
   => Pushing compressed archive to Google Drive...
   => Pushing compressed archive to Google Drive...
   => Pushing compressed archive to Google Drive...
   => Pushing compressed archive to Google Drive...
   => Pushing compressed archive to Google Drive...
   => Pushing compressed archive to Google Drive...
   ⚠️ Title 'Neural Green’s Functions...' not found in arXiv batch. Trying fallbacks...
   [Semantic Scholar] Rate limited (429). Blocking S2 for 60s...
   => Pushing compressed archive to Google Drive...
   ⚠️ Title 'Variance-Reduced Long-Term Reh...' not found in arXiv batch. Trying fallbacks...
   => Pushing compressed archive to Google Drive...
   => Pushing compressed archive to Google Drive...
   => Pushing compressed archive to Google Drive...
   => Pushing compressed archive to Google Drive...
   => Pushing compressed archive to Google Drive...
   ⚠️ Title 'Image Stitching in Adverse Con...' not found in arXiv batch. Trying fallbacks...
   => Pushing compressed archive to Google Drive...
   => Pushing compressed archive to Google Drive...
   => Pushing compressed archive to Google Drive...
   => Pushing compressed archive to Google Drive...
   ⚠️ Title 'Counterfactual Evolution of Mu...' not found in arXiv batch. Trying fallbacks...
   [Semantic Scholar] Rate limited (429). Blocking S2 for 60s...
   ⚠️ Title 'It’s Hard to Be Normal: The Im...' not found in arXiv batch. Trying fallbacks...
   => Pushing compressed archive to Google Drive...

[421-450/4559] Đang truy vấn metadata arXiv theo lô...
   ⚠️ Title '⁠When Data Can't Meet: Estimat...' not found in arXiv batch. Trying fallbacks...
   ⚠️ Title 'OASIS: One-Shot Federated Grap...' not found in arXiv batch. Trying fallbacks...
   => Pushing compressed archive to Google Drive...
   => Pushing compressed archive to Google Drive...
   => Pushing compressed archive to Google Drive...
   ⚠️ Title 'Eulerian Neural Network Inform...' not found in arXiv batch. Trying fallbacks...
   => Pushing compressed archive to Google Drive...
   ⚠️ Title 'NUTS: Eddy-Robust Reconstructi...' not found in arXiv batch. Trying fallbacks...
   ⚠️ Title 'Enhancing Consistency of Flow-...' not found in arXiv batch. Trying fallbacks...
   => Pushing compressed archive to Google Drive...
   => Pushing compressed archive to Google Drive...
   => Pushing compressed archive to Google Drive...
   ⚠️ Title 'Accurate KV Cache Eviction via...' not found in arXiv batch. Trying fallbacks...
   [Semantic Scholar] Rate limited (429). Blocking S2 for 60s...
   => Pushing compressed archive to Google Drive...
   => Pushing compressed archive to Google Drive...
   ⚠️ Title 'Stitch and Tell: A Structured ...' not found in arXiv batch. Trying fallbacks...
   ⚠️ Title 'Association-Focused Path Aggre...' not found in arXiv batch. Trying fallbacks...
   ⚠️ Title 'Fast Projection-Free Approach ...' not found in arXiv batch. Trying fallbacks...
   => Pushing compressed archive to Google Drive...
   ⚠️ Title 'Distil-E2D: Distilling Image-t...' not found in arXiv batch. Trying fallbacks...
   => Pushing compressed archive to Google Drive...
   => Pushing compressed archive to Google Drive...
   => Pushing compressed archive to Google Drive...
   => Pushing compressed archive to Google Drive...
   ⚠️ Title 'Differential Privacy on Fully ...' not found in arXiv batch. Trying fallbacks...
   => Pushing compressed archive to Google Drive...
   => Pushing compressed archive to Google Drive...
   ⚠️ Title 'Adaptive and Multi-scale Affin...' not found in arXiv batch. Trying fallbacks...
   [Semantic Scholar] Rate limited (429). Blocking S2 for 60s...
   => Pushing compressed archive to Google Drive...
   => Pushing compressed archive to Google Drive...

[451-480/4559] Đang truy vấn metadata arXiv theo lô...
   ⚠️ Title 'Know What You Don't Know: Unce...' not found in arXiv batch. Trying fallbacks...
   => Pushing compressed archive to Google Drive...
   ⚠️ Title 'Addressing Mark Imbalance in I...' not found in arXiv batch. Trying fallbacks...
   => Pushing compressed archive to Google Drive...
   ⚠️ Title 'Active Target Discovery under ...' not found in arXiv batch. Trying fallbacks...
   ⚠️ Title 'Towards Irreversible Attack: F...' not found in arXiv batch. Trying fallbacks...
   => Pushing compressed archive to Google Drive...
   ⚠️ Title 'Exploring the Limits of Vision...' not found in arXiv batch. Trying fallbacks...
   => Pushing compressed archive to Google Drive...
   => Pushing compressed archive to Google Drive...
   => Pushing compressed archive to Google Drive...
   => Pushing compressed archive to Google Drive...
   ⚠️ Title 'Dynamic Algorithm for Explaina...' not found in arXiv batch. Trying fallbacks...
   ⚠️ Title 'Denoising Trajectory Biases fo...' not found in arXiv batch. Trying fallbacks...
   => Pushing compressed archive to Google Drive...
   ⚠️ Title 'LASeR: Learning to Adaptively ...' not found in arXiv batch. Trying fallbacks...
   ⚠️ Title 'Learning-Augmented Algorithms ...' not found in arXiv batch. Trying fallbacks...
   [HTML Search] Found ArXiv ID for 'Learning-Augmented Algorithms ...': 2603.18157
   => Pushing compressed archive to Google Drive...
   => Pushing compressed archive to Google Drive...
   => Pushing compressed archive to Google Drive...
   ⚠️ Title 'AegisGuard: RL-Guided Adapter ...' not found in arXiv batch. Trying fallbacks...
   [Semantic Scholar] Rate limited (429). Blocking S2 for 60s...
   => Pushing compressed archive to Google Drive...
   => Pushing compressed archive to Google Drive...
   => Pushing compressed archive to Google Drive...
   => Pushing compressed archive to Google Drive...
   => Pushing compressed archive to Google Drive...
   => Pushing compressed archive to Google Drive...
   => Pushing compressed archive to Google Drive...
   => Pushing compressed archive to Google Drive...
   => Pushing compressed archive to Google Drive...
   => Pushing compressed archive to Google Drive...

[481-510/4559] Đang truy vấn metadata arXiv theo lô...
   => Pushing compressed archive to Google Drive...
   => Pushing compressed archive to Google Drive...
   => Pushing compressed archive to Google Drive...
   ⚠️ Title 'A Counterfactual Semantics for...' not found in arXiv batch. Trying fallbacks...
   [Semantic Scholar] Rate limited (429). Blocking S2 for 60s...
   => Pushing compressed archive to Google Drive...
   => Pushing compressed archive to Google Drive...
   => Pushing compressed archive to Google Drive...
   => Pushing compressed archive to Google Drive...
   => Pushing compressed archive to Google Drive...
   => Pushing compressed archive to Google Drive...
   => Pushing compressed archive to Google Drive...
   => Pushing compressed archive to Google Drive...
   => Pushing compressed archive to Google Drive...
   => Pushing compressed archive to Google Drive...
   ⚠️ Title 'Neural Evolution Strategy for ...' not found in arXiv batch. Trying fallbacks...
   => Pushing compressed archive to Google Drive...
   => Pushing compressed archive to Google Drive...
   ⚠️ Title 'Inference of Whole Brain Elect...' not found in arXiv batch. Trying fallbacks...
   => Pushing compressed archive to Google Drive...
   => Pushing compressed archive to Google Drive...
   => Pushing compressed archive to Google Drive...
   => Pushing compressed archive to Google Drive...
   => Pushing compressed archive to Google Drive...
   => Pushing compressed archive to Google Drive...
   => Pushing compressed archive to Google Drive...
   => Pushing compressed archive to Google Drive...
   ⚠️ Title 'Adaptive Re-calibration Learni...' not found in arXiv batch. Trying fallbacks...
   [Semantic Scholar] Rate limited (429). Blocking S2 for 60s...
   => Pushing compressed archive to Google Drive...
   ⚠️ Title 'WALL-E: World Alignment by Neu...' not found in arXiv batch. Trying fallbacks...
   => Pushing compressed archive to Google Drive...

[511-540/4559] Đang truy vấn metadata arXiv theo lô...
   => Pushing compressed archive to Google Drive...
   => Pushing compressed archive to Google Drive...
   => Pushing compressed archive to Google Drive...
   => Pushing compressed archive to Google Drive...
   ⚠️ Title 'Solving Discrete (Semi) Unbala...' not found in arXiv batch. Trying fallbacks...
   ⚠️ Title 'Integrating Drug Substructures...' not found in arXiv batch. Trying fallbacks...
   => Pushing compressed archive to Google Drive...
   ⚠️ Title 'ChatbotID: Identifying Chatbot...' not found in arXiv batch. Trying fallbacks...
   ⚠️ Title 'Finding Low-Rank Matrix Weight...' not found in arXiv batch. Trying fallbacks...
   ⚠️ Title 'The Fragile Truth of Saliency:...' not found in arXiv batch. Trying fallbacks...
   => Pushing compressed archive to Google Drive...
   => Pushing compressed archive to Google Drive...
   ⚠️ Title 'Don't Just Chase “Highlighted ...' not found in arXiv batch. Trying fallbacks...
   => Pushing compressed archive to Google Drive...
   => Pushing compressed archive to Google Drive...
   ⚠️ Title 'MultiNet: Adaptive Multi-Viewe...' not found in arXiv batch. Trying fallbacks...
   => Pushing compressed archive to Google Drive...
   => Pushing compressed archive to Google Drive...
   => Pushing compressed archive to Google Drive...
   => Pushing compressed archive to Google Drive...
   => Pushing compressed archive to Google Drive...
   => Pushing compressed archive to Google Drive...
   => Pushing compressed archive to Google Drive...
   => Pushing compressed archive to Google Drive...
   ⚠️ Title 'Cognitive Predictive Processin...' not found in arXiv batch. Trying fallbacks...
   [Semantic Scholar] Rate limited (429). Blocking S2 for 60s...
   => Pushing compressed archive to Google Drive...
   => Pushing compressed archive to Google Drive...
   ⚠️ Title 'Consistency of Physics-Informe...' not found in arXiv batch. Trying fallbacks...
   => Pushing compressed archive to Google Drive...
   => Pushing compressed archive to Google Drive...

[541-570/4559] Đang truy vấn metadata arXiv theo lô...
   ⚠️ Title 'Rethinking Gradient Step Denoi...' not found in arXiv batch. Trying fallbacks...
   => Pushing compressed archive to Google Drive...
   ⚠️ Title 'Vision Transformers Don't Need...' not found in arXiv batch. Trying fallbacks...
   => Pushing compressed archive to Google Drive...
   ⚠️ Title 'Asymmetric Dual-Lens Video Deb...' not found in arXiv batch. Trying fallbacks...
   ⚠️ Title 'Statistical Analysis of an Adv...' not found in arXiv batch. Trying fallbacks...
   => Pushing compressed archive to Google Drive...
   => Pushing compressed archive to Google Drive...
   => Pushing compressed archive to Google Drive...
   => Pushing compressed archive to Google Drive...
   => Pushing compressed archive to Google Drive...
   => Pushing compressed archive to Google Drive...
   ⚠️ Title 'Local-Global Coupling Spiking ...' not found in arXiv batch. Trying fallbacks...
   [Semantic Scholar] Rate limited (429). Blocking S2 for 60s...
   => Pushing compressed archive to Google Drive...
   => Pushing compressed archive to Google Drive...
   => Pushing compressed archive to Google Drive...
   => Pushing compressed archive to Google Drive...
   => Pushing compressed archive to Google Drive...
   => Pushing compressed archive to Google Drive...
   => Pushing compressed archive to Google Drive...
   => Pushing compressed archive to Google Drive...
   => Pushing compressed archive to Google Drive...
   => Pushing compressed archive to Google Drive...
   => Pushing compressed archive to Google Drive...
   => Pushing compressed archive to Google Drive...
   => Pushing compressed archive to Google Drive...
   => Pushing compressed archive to Google Drive...
   => Pushing compressed archive to Google Drive...
   => Pushing compressed archive to Google Drive...
   => Pushing compressed archive to Google Drive...

[571-600/4559] Đang truy vấn metadata arXiv theo lô...
   => Pushing compressed archive to Google Drive...
   => Pushing compressed archive to Google Drive...
   => Pushing compressed archive to Google Drive...
   => Pushing compressed archive to Google Drive...
   => Pushing compressed archive to Google Drive...
   => Pushing compressed archive to Google Drive...
   => Pushing compressed archive to Google Drive...
   ⚠️ Title 'Eve3D: Elevating Vision Models...' not found in arXiv batch. Trying fallbacks...
   [Semantic Scholar] Rate limited (429). Blocking S2 for 60s...
   => Pushing compressed archive to Google Drive...
   => Pushing compressed archive to Google Drive...
   => Pushing compressed archive to Google Drive...
   => Pushing compressed archive to Google Drive...
   ⚠️ Title 'Probabilistic Reasoning with L...' not found in arXiv batch. Trying fallbacks...
   => Pushing compressed archive to Google Drive...
   ⚠️ Title 'CG-SSL: Concept-Guided Self-Su...' not found in arXiv batch. Trying fallbacks...
   ⚠️ Title 'Let the LLM Stick to Its Stren...' not found in arXiv batch. Trying fallbacks...
   => Pushing compressed archive to Google Drive...
   ⚠️ Title 'Towards Generalizable 3D Human...' not found in arXiv batch. Trying fallbacks...
   ⚠️ Title 'On the Convergence of Stochast...' not found in arXiv batch. Trying fallbacks...
   ⚠️ Title 'AdaTS: Learning Adaptive Time ...' not found in arXiv batch. Trying fallbacks...
   ⚠️ Title 'Fast Monte Carlo Tree Diffusio...' not found in arXiv batch. Trying fallbacks...
   => Pushing compressed archive to Google Drive...
   => Pushing compressed archive to Google Drive...
   => Pushing compressed archive to Google Drive...
   => Pushing compressed archive to Google Drive...
   => Pushing compressed archive to Google Drive...
   => Pushing compressed archive to Google Drive...
   => Pushing compressed archive to Google Drive...
   => Pushing compressed archive to Google Drive...
   => Pushing compressed archive to Google Drive...

[601-630/4559] Đang truy vấn metadata arXiv theo lô...
   ⚠️ Title 'Automatic Auxiliary Task Selec...' not found in arXiv batch. Trying fallbacks...
   => Pushing compressed archive to Google Drive...
   ⚠️ Title 'Decoding Causal Structure: End...' not found in arXiv batch. Trying fallbacks...
   [Semantic Scholar] Rate limited (429). Blocking S2 for 60s...
   ⚠️ Title 'StruDiCO: Structured Denoising...' not found in arXiv batch. Trying fallbacks...
   => Pushing compressed archive to Google Drive...
   ⚠️ Title 'Quantum Speedups for Minimax O...' not found in arXiv batch. Trying fallbacks...
   => Pushing compressed archive to Google Drive...
   => Pushing compressed archive to Google Drive...
   => Pushing compressed archive to Google Drive...
   => Pushing compressed archive to Google Drive...
   => Pushing compressed archive to Google Drive...
   => Pushing compressed archive to Google Drive...
   => Pushing compressed archive to Google Drive...
   => Pushing compressed archive to Google Drive...
   => Pushing compressed archive to Google Drive...
   => Pushing compressed archive to Google Drive...
   ⚠️ Title 'Spatially-aware Weights Tokeni...' not found in arXiv batch. Trying fallbacks...
   ⚠️ Title 'Consensus-Robust Transfer Atta...' not found in arXiv batch. Trying fallbacks...
   => Pushing compressed archive to Google Drive...
   ⚠️ Title 'Bilevel Optimization for Adver...' not found in arXiv batch. Trying fallbacks...
   [Semantic Scholar] Rate limited (429). Blocking S2 for 60s...
   => Pushing compressed archive to Google Drive...
   => Pushing compressed archive to Google Drive...
   ⚠️ Title 'HubGT: Fast Graph Transformer ...' not found in arXiv batch. Trying fallbacks...
   => Pushing compressed archive to Google Drive...
   => Pushing compressed archive to Google Drive...
   => Pushing compressed archive to Google Drive...
   ⚠️ Title 'SAP: Exact Sorting in Splattin...' not found in arXiv batch. Trying fallbacks...
   [Semantic Scholar] Rate limited (429). Blocking S2 for 60s...
   => Pushing compressed archive to Google Drive...
   => Pushing compressed archive to Google Drive...
   => Pushing compressed archive to Google Drive...

[631-660/4559] Đang truy vấn metadata arXiv theo lô...
   => Pushing compressed archive to Google Drive...
   => Pushing compressed archive to Google Drive...
   ⚠️ Title 'CMoB: Modality Valuation via C...' not found in arXiv batch. Trying fallbacks...
   => Pushing compressed archive to Google Drive...
   ⚠️ Title 'A Plug-and-Play Query Synthesi...' not found in arXiv batch. Trying fallbacks...
   ⚠️ Title 'Transforming Gaps into Gains: ...' not found in arXiv batch. Trying fallbacks...
   ⚠️ Title 'Principled Long-Tailed Generat...' not found in arXiv batch. Trying fallbacks...
   => Pushing compressed archive to Google Drive...
   ⚠️ Title 'Stochastic Principal-Agent Pro...' not found in arXiv batch. Trying fallbacks...
   [Semantic Scholar] Rate limited (429). Blocking S2 for 60s...
   => Pushing compressed archive to Google Drive...
   ⚠️ Title 'Degradation-Aware Dynamic Schr...' not found in arXiv batch. Trying fallbacks...
   => Pushing compressed archive to Google Drive...
   => Pushing compressed archive to Google Drive...
   => Pushing compressed archive to Google Drive...
   => Pushing compressed archive to Google Drive...
   => Pushing compressed archive to Google Drive...
   => Pushing compressed archive to Google Drive...
   ⚠️ Title 'State Size Independent Statist...' not found in arXiv batch. Trying fallbacks...
   ⚠️ Title 'A Closer Look to Positive-Unla...' not found in arXiv batch. Trying fallbacks...
   => Pushing compressed archive to Google Drive...
   => Pushing compressed archive to Google Drive...
   => Pushing compressed archive to Google Drive...
   => Pushing compressed archive to Google Drive...
   ⚠️ Title 'TokenSwap: A Lightweight Metho...' not found in arXiv batch. Trying fallbacks...
   => Pushing compressed archive to Google Drive...
   => Pushing compressed archive to Google Drive...
   ⚠️ Title 'X-Field: A Physically Informed...' not found in arXiv batch. Trying fallbacks...
   [Semantic Scholar] Rate limited (429). Blocking S2 for 60s...
   => Pushing compressed archive to Google Drive...
   => Pushing compressed archive to Google Drive...
   => Pushing compressed archive to Google Drive...

[661-690/4559] Đang truy vấn metadata arXiv theo lô...
   => Pushing compressed archive to Google Drive...
   => Pushing compressed archive to Google Drive...
   => Pushing compressed archive to Google Drive...
   => Pushing compressed archive to Google Drive...
   ⚠️ Title 'Parsimonious Predictions for S...' not found in arXiv batch. Trying fallbacks...
   ⚠️ Title 'Is the acquisition worth the c...' not found in arXiv batch. Trying fallbacks...
   => Pushing compressed archive to Google Drive...
   => Pushing compressed archive to Google Drive...
   => Pushing compressed archive to Google Drive...
   ⚠️ Title 'Fair Matroid Selection...' not found in arXiv batch. Trying fallbacks...
   => Pushing compressed archive to Google Drive...
   => Pushing compressed archive to Google Drive...
   => Pushing compressed archive to Google Drive...
   ⚠️ Title 'Non-rectangular Robust MDPs wi...' not found in arXiv batch. Trying fallbacks...
   [Semantic Scholar] Rate limited (429). Blocking S2 for 60s...
   ⚠️ Title 'Intermediate Domain Alignment ...' not found in arXiv batch. Trying fallbacks...
   ⚠️ Title 'Smooth and Flexible Camera Mov...' not found in arXiv batch. Trying fallbacks...
   => Pushing compressed archive to Google Drive...
   => Pushing compressed archive to Google Drive...
   ⚠️ Title 'Predicting the Performance of ...' not found in arXiv batch. Trying fallbacks...
   ⚠️ Title 'Dual-Space Semantic Synergy Di...' not found in arXiv batch. Trying fallbacks...
   => Pushing compressed archive to Google Drive...
   ⚠️ Title 'Solving and Learning Partial D...' not found in arXiv batch. Trying fallbacks...
   => Pushing compressed archive to Google Drive...
   => Pushing compressed archive to Google Drive...
   ⚠️ Title 'LoRO: Real-Time on-Device Secu...' not found in arXiv batch. Trying fallbacks...
   ⚠️ Title 'No Experts, No Problem: Avoida...' not found in arXiv batch. Trying fallbacks...
   [Semantic Scholar] Rate limited (429). Blocking S2 for 60s...
   => Pushing compressed archive to Google Drive...
   => Pushing compressed archive to Google Drive...
   ⚠️ Title 'Non-exchangeable Conformal Pre...' not found in arXiv batch. Trying fallbacks...
   => Pushing compressed archive to Google Drive...

[691-720/4559] Đang truy vấn metadata arXiv theo lô...
   => Pushing compressed archive to Google Drive...
   => Pushing compressed archive to Google Drive...
   ⚠️ Title 'R1-ShareVL: Incentivizing Reas...' not found in arXiv batch. Trying fallbacks...
   => Pushing compressed archive to Google Drive...
   => Pushing compressed archive to Google Drive...
   => Pushing compressed archive to Google Drive...
   => Pushing compressed archive to Google Drive...
   => Pushing compressed archive to Google Drive...
   ⚠️ Title 'A Bayesian Approach to Context...' not found in arXiv batch. Trying fallbacks...
   => Pushing compressed archive to Google Drive...
   ⚠️ Title 'A Near-Optimal Algorithm for D...' not found in arXiv batch. Trying fallbacks...
   => Pushing compressed archive to Google Drive...
   ⚠️ Title 'VaporTok: RL-Driven Adaptive V...' not found in arXiv batch. Trying fallbacks...
   [Semantic Scholar] Rate limited (429). Blocking S2 for 60s...
   => Pushing compressed archive to Google Drive...
   => Pushing compressed archive to Google Drive...
   ⚠️ Title 'Diversity-oriented Deep Multi-...' not found in arXiv batch. Trying fallbacks...
   => Pushing compressed archive to Google Drive...
   => Pushing compressed archive to Google Drive...
   => Pushing compressed archive to Google Drive...
   => Pushing compressed archive to Google Drive...
   => Pushing compressed archive to Google Drive...
   => Pushing compressed archive to Google Drive...
   => Pushing compressed archive to Google Drive...
   => Pushing compressed archive to Google Drive...
   => Pushing compressed archive to Google Drive...
   => Pushing compressed archive to Google Drive...
   ⚠️ Title 'Momentum Multi-Marginal Schröd...' not found in arXiv batch. Trying fallbacks...
   [HTML Search] Found ArXiv ID for 'Momentum Multi-Marginal Schröd...': 2506.10168
   => Pushing compressed archive to Google Drive...
   => Pushing compressed archive to Google Drive...
   => Pushing compressed archive to Google Drive...
   => Pushing compressed archive to Google Drive...

[721-750/4559] Đang truy vấn metadata arXiv theo lô...
   => Pushing compressed archive to Google Drive...
   => Pushing compressed archive to Google Drive...
   => Pushing compressed archive to Google Drive...
   => Pushing compressed archive to Google Drive...
   ⚠️ Title 'Anatomically inspired digital ...' not found in arXiv batch. Trying fallbacks...
   [Semantic Scholar] Rate limited (429). Blocking S2 for 60s...
   => Pushing compressed archive to Google Drive...
   => Pushing compressed archive to Google Drive...
   => Pushing compressed archive to Google Drive...
   => Pushing compressed archive to Google Drive...
   => Pushing compressed archive to Google Drive...
   ⚠️ Title 'Negative Feedback Really Matte...' not found in arXiv batch. Trying fallbacks...
   => Pushing compressed archive to Google Drive...
   => Pushing compressed archive to Google Drive...
   => Pushing compressed archive to Google Drive...
   ⚠️ Title 'MODEL SHAPLEY: Find Your Ideal...' not found in arXiv batch. Trying fallbacks...
   [Semantic Scholar] Rate limited (429). Blocking S2 for 60s...
   => Pushing compressed archive to Google Drive...
   => Pushing compressed archive to Google Drive...
   => Pushing compressed archive to Google Drive...
   => Pushing compressed archive to Google Drive...
   => Pushing compressed archive to Google Drive...
   ⚠️ Title 'Robust Explanations of Graph N...' not found in arXiv batch. Trying fallbacks...
   ⚠️ Title 'FIGRDock: Fast Interaction-Gui...' not found in arXiv batch. Trying fallbacks...
   => Pushing compressed archive to Google Drive...
   ⚠️ Title '$\boldsymbol{\lambda}$-Orthogo...' not found in arXiv batch. Trying fallbacks...
   [HTML Search] Found ArXiv ID for '$\boldsymbol{\lambda}$-Orthogo...': 2509.16664
   => Pushing compressed archive to Google Drive...
   => Pushing compressed archive to Google Drive...
   => Pushing compressed archive to Google Drive...
   ⚠️ Title 'Advancing Interpretability of ...' not found in arXiv batch. Trying fallbacks...
   [Semantic Scholar] Rate limited (429). Blocking S2 for 60s...
   => Pushing compressed archive to Google Drive...
   => Pushing compressed archive to Google Drive...
   => Pushing compressed archive to Google Drive...

[751-780/4559] Đang truy vấn metadata arXiv theo lô...
   => Pushing compressed archive to Google Drive...
   => Pushing compressed archive to Google Drive...
   => Pushing compressed archive to Google Drive...
   => Pushing compressed archive to Google Drive...
   => Pushing compressed archive to Google Drive...
   ⚠️ Title 'Enhancing the Maximum Effectiv...' not found in arXiv batch. Trying fallbacks...
   ⚠️ Title 'A Closer Look at Graph Transfo...' not found in arXiv batch. Trying fallbacks...
   => Pushing compressed archive to Google Drive...
   => Pushing compressed archive to Google Drive...
   ⚠️ Title 'CoCoA: A Minimum Bayes Risk Fr...' not found in arXiv batch. Trying fallbacks...
   [Semantic Scholar] Rate limited (429). Blocking S2 for 60s...
   ⚠️ Title 'TreeGen: A Bayesian Generative...' not found in arXiv batch. Trying fallbacks...
   ⚠️ Title 'ChemOrch: Empowering LLMs with...' not found in arXiv batch. Trying fallbacks...
   => Pushing compressed archive to Google Drive...
   => Pushing compressed archive to Google Drive...
   => Pushing compressed archive to Google Drive...
   => Pushing compressed archive to Google Drive...
   => Pushing compressed archive to Google Drive...
   => Pushing compressed archive to Google Drive...
   => Pushing compressed archive to Google Drive...
   => Pushing compressed archive to Google Drive...
   => Pushing compressed archive to Google Drive...
   => Pushing compressed archive to Google Drive...
   => Pushing compressed archive to Google Drive...
   => Pushing compressed archive to Google Drive...
   ⚠️ Title 'Accelerated Vertical Federated...' not found in arXiv batch. Trying fallbacks...
   [Semantic Scholar] Rate limited (429). Blocking S2 for 60s...
   ⚠️ Title 'FlowPrune: Accelerating Attent...' not found in arXiv batch. Trying fallbacks...
   => Pushing compressed archive to Google Drive...
   => Pushing compressed archive to Google Drive...
   ⚠️ Title 'Adaptive Variance Inflation in...' not found in arXiv batch. Trying fallbacks...
   => Pushing compressed archive to Google Drive...

[781-810/4559] Đang truy vấn metadata arXiv theo lô...
   ⚠️ Title 'PhySwin: An Efficient and Phys...' not found in arXiv batch. Trying fallbacks...
   => Pushing compressed archive to Google Drive...
   => Pushing compressed archive to Google Drive...
   => Pushing compressed archive to Google Drive...
   => Pushing compressed archive to Google Drive...
   => Pushing compressed archive to Google Drive...
   ⚠️ Title 'Differentiable Decision Tree v...' not found in arXiv batch. Trying fallbacks...
   => Pushing compressed archive to Google Drive...
   ⚠️ Title 'Graph-based Symbolic Regressio...' not found in arXiv batch. Trying fallbacks...
   => Pushing compressed archive to Google Drive...
   ⚠️ Title 'Toward Human Deictic Gesture T...' not found in arXiv batch. Trying fallbacks...
   => Pushing compressed archive to Google Drive...
   ⚠️ Title 'Efficient Allocation of Workin...' not found in arXiv batch. Trying fallbacks...
   => Pushing compressed archive to Google Drive...
   => Pushing compressed archive to Google Drive...
   => Pushing compressed archive to Google Drive...
   => Pushing compressed archive to Google Drive...
   => Pushing compressed archive to Google Drive...
   => Pushing compressed archive to Google Drive...
   => Pushing compressed archive to Google Drive...
   => Pushing compressed archive to Google Drive...
   => Pushing compressed archive to Google Drive...
   => Pushing compressed archive to Google Drive...
   ⚠️ Title 'Imitation Learning with Tempor...' not found in arXiv batch. Trying fallbacks...
   [Semantic Scholar] Rate limited (429). Blocking S2 for 60s...
   => Pushing compressed archive to Google Drive...
   => Pushing compressed archive to Google Drive...
   => Pushing compressed archive to Google Drive...
   ⚠️ Title 'HMARL-CBF – Hierarchical Multi...' not found in arXiv batch. Trying fallbacks...
   ⚠️ Title 'Dynamic Shadow Unveils Invisib...' not found in arXiv batch. Trying fallbacks...
   ⚠️ Title 'Is Your Diffusion Model Actual...' not found in arXiv batch. Trying fallbacks...

[811-840/4559] Đang truy vấn metadata arXiv theo lô...
   => Pushing compressed archive to Google Drive...
   => Pushing compressed archive to Google Drive...
   => Pushing compressed archive to Google Drive...
   => Pushing compressed archive to Google Drive...
   => Pushing compressed archive to Google Drive...
   => Pushing compressed archive to Google Drive...
   => Pushing compressed archive to Google Drive...
   => Pushing compressed archive to Google Drive...
   => Pushing compressed archive to Google Drive...
   => Pushing compressed archive to Google Drive...
   => Pushing compressed archive to Google Drive...
   => Pushing compressed archive to Google Drive...
   => Pushing compressed archive to Google Drive...
   => Pushing compressed archive to Google Drive...
   => Pushing compressed archive to Google Drive...
   ⚠️ Title 'Rethinking Joint Maximum Mean ...' not found in arXiv batch. Trying fallbacks...
   [Semantic Scholar] Rate limited (429). Blocking S2 for 60s...
   => Pushing compressed archive to Google Drive...
   => Pushing compressed archive to Google Drive...
   => Pushing compressed archive to Google Drive...
   ⚠️ Title 'Towards Accurate Time Series F...' not found in arXiv batch. Trying fallbacks...
   ⚠️ Title 'Rationalized All-Atom Protein ...' not found in arXiv batch. Trying fallbacks...
   => Pushing compressed archive to Google Drive...
   => Pushing compressed archive to Google Drive...
   => Pushing compressed archive to Google Drive...
   => Pushing compressed archive to Google Drive...
   => Pushing compressed archive to Google Drive...
   => Pushing compressed archive to Google Drive...
   => Pushing compressed archive to Google Drive...
   ⚠️ Title 'Learn and Ensemble Bridge Adap...' not found in arXiv batch. Trying fallbacks...
   [Semantic Scholar] Rate limited (429). Blocking S2 for 60s...
   => Pushing compressed archive to Google Drive...

[841-870/4559] Đang truy vấn metadata arXiv theo lô...
   => Pushing compressed archive to Google Drive...
   ⚠️ Title 'Bridging Brains and Concepts: ...' not found in arXiv batch. Trying fallbacks...
   => Pushing compressed archive to Google Drive...
   ⚠️ Title 'PhysDiff-VTON: Cross-Domain Ph...' not found in arXiv batch. Trying fallbacks...
   => Pushing compressed archive to Google Drive...
   => Pushing compressed archive to Google Drive...
   => Pushing compressed archive to Google Drive...
   ⚠️ Title 'QSCA: Quantization with Self-C...' not found in arXiv batch. Trying fallbacks...
   => Pushing compressed archive to Google Drive...
   => Pushing compressed archive to Google Drive...
   => Pushing compressed archive to Google Drive...
   => Pushing compressed archive to Google Drive...
   => Pushing compressed archive to Google Drive...
   => Pushing compressed archive to Google Drive...
   ⚠️ Title 'Convergence of Clipped SGD on ...' not found in arXiv batch. Trying fallbacks...
   [HTML Search] Found ArXiv ID for 'Convergence of Clipped SGD on ...': 2502.16492
   => Pushing compressed archive to Google Drive...
   => Pushing compressed archive to Google Drive...
   => Pushing compressed archive to Google Drive...
   => Pushing compressed archive to Google Drive...
   => Pushing compressed archive to Google Drive...
   => Pushing compressed archive to Google Drive...
   ⚠️ Title 'BrainEC-LLM: Brain Effective C...' not found in arXiv batch. Trying fallbacks...
   [Semantic Scholar] Rate limited (429). Blocking S2 for 60s...
   => Pushing compressed archive to Google Drive...
   => Pushing compressed archive to Google Drive...
   => Pushing compressed archive to Google Drive...
   => Pushing compressed archive to Google Drive...
   => Pushing compressed archive to Google Drive...
   => Pushing compressed archive to Google Drive...
   ⚠️ Title 'DEAL: Diffusion Evolution Adve...' not found in arXiv batch. Trying fallbacks...
   ⚠️ Title 'A Minimalistic Unified Framewo...' not found in arXiv batch. Trying fallbacks...
   => Pushing compressed archive to Google Drive...

[871-900/4559] Đang truy vấn metadata arXiv theo lô...
   ⚠️ Title 'Marginal-Nonuniform PAC Learna...' not found in arXiv batch. Trying fallbacks...
   [Semantic Scholar] Rate limited (429). Blocking S2 for 60s...
   => Pushing compressed archive to Google Drive...
   => Pushing compressed archive to Google Drive...
   ⚠️ Title 'SAM2Flow: Interactive Optical ...' not found in arXiv batch. Trying fallbacks...
   => Pushing compressed archive to Google Drive...
   => Pushing compressed archive to Google Drive...
   => Pushing compressed archive to Google Drive...
   ⚠️ Title 'DAAC: Discrepancy-Aware Adapti...' not found in arXiv batch. Trying fallbacks...
   => Pushing compressed archive to Google Drive...
   => Pushing compressed archive to Google Drive...
   => Pushing compressed archive to Google Drive...
   => Pushing compressed archive to Google Drive...
   => Pushing compressed archive to Google Drive...
   => Pushing compressed archive to Google Drive...
   ⚠️ Title 'Accelerating Feature Conformal...' not found in arXiv batch. Trying fallbacks...
   [Semantic Scholar] Rate limited (429). Blocking S2 for 60s...
   => Pushing compressed archive to Google Drive...
   ⚠️ Title 'OPTFM: A Scalable Multi-View G...' not found in arXiv batch. Trying fallbacks...
   => Pushing compressed archive to Google Drive...
   ⚠️ Title 'Last-Iterate Convergence of Sm...' not found in arXiv batch. Trying fallbacks...
   => Pushing compressed archive to Google Drive...
   ⚠️ Title 'Image Token Matters: Mitigatin...' not found in arXiv batch. Trying fallbacks...
   => Pushing compressed archive to Google Drive...
   => Pushing compressed archive to Google Drive...
   => Pushing compressed archive to Google Drive...
   => Pushing compressed archive to Google Drive...
   ⚠️ Title 'From Human Attention to Diagno...' not found in arXiv batch. Trying fallbacks...
   ⚠️ Title 'OmniZoom: A Universal Plug-and...' not found in arXiv batch. Trying fallbacks...
   => Pushing compressed archive to Google Drive...
   => Pushing compressed archive to Google Drive...
   => Pushing compressed archive to Google Drive...

[901-930/4559] Đang truy vấn metadata arXiv theo lô...
   => Pushing compressed archive to Google Drive...
   ⚠️ Title 'RAPID Hand: Robust, Affordable...' not found in arXiv batch. Trying fallbacks...
   [Semantic Scholar] Rate limited (429). Blocking S2 for 60s...
   => Pushing compressed archive to Google Drive...
   => Pushing compressed archive to Google Drive...
   => Pushing compressed archive to Google Drive...
   => Pushing compressed archive to Google Drive...
   => Pushing compressed archive to Google Drive...
   => Pushing compressed archive to Google Drive...
   => Pushing compressed archive to Google Drive...
   => Pushing compressed archive to Google Drive...
   ⚠️ Title 'Fuse2Match: Training-Free Fusi...' not found in arXiv batch. Trying fallbacks...
   [Semantic Scholar] Rate limited (429). Blocking S2 for 60s...
   => Pushing compressed archive to Google Drive...
   => Pushing compressed archive to Google Drive...
   => Pushing compressed archive to Google Drive...
   ⚠️ Title 'MobileODE: An Extra Lightweigh...' not found in arXiv batch. Trying fallbacks...
   => Pushing compressed archive to Google Drive...
   => Pushing compressed archive to Google Drive...
   ⚠️ Title 'Learning CAD Modeling Sequence...' not found in arXiv batch. Trying fallbacks...
   => Pushing compressed archive to Google Drive...
   ⚠️ Title 'Plug-and-play Feature Causalit...' not found in arXiv batch. Trying fallbacks...
   => Pushing compressed archive to Google Drive...
   => Pushing compressed archive to Google Drive...
   => Pushing compressed archive to Google Drive...
   => Pushing compressed archive to Google Drive...
   => Pushing compressed archive to Google Drive...
   ⚠️ Title 'Let Brain Rhythm Shape Machine...' not found in arXiv batch. Trying fallbacks...
   => Pushing compressed archive to Google Drive...
   => Pushing compressed archive to Google Drive...
   ⚠️ Title 'Transstratal Adversarial Attac...' not found in arXiv batch. Trying fallbacks...
   => Pushing compressed archive to Google Drive...

[931-960/4559] Đang truy vấn metadata arXiv theo lô...
   => Pushing compressed archive to Google Drive...
   ⚠️ Title 'Pixel Reasoner: Incentivizing ...' not found in arXiv batch. Trying fallbacks...
   [Semantic Scholar] Rate limited (429). Blocking S2 for 60s...
   => Pushing compressed archive to Google Drive...
   => Pushing compressed archive to Google Drive...
   => Pushing compressed archive to Google Drive...
   => Pushing compressed archive to Google Drive...
   => Pushing compressed archive to Google Drive...
   => Pushing compressed archive to Google Drive...
   => Pushing compressed archive to Google Drive...
   ⚠️ Title 'Beyond Node-Centric Modeling: ...' not found in arXiv batch. Trying fallbacks...
   [Semantic Scholar] Rate limited (429). Blocking S2 for 60s...
   => Pushing compressed archive to Google Drive...
   => Pushing compressed archive to Google Drive...
   => Pushing compressed archive to Google Drive...
   => Pushing compressed archive to Google Drive...
   => Pushing compressed archive to Google Drive...
   => Pushing compressed archive to Google Drive...
   => Pushing compressed archive to Google Drive...
   => Pushing compressed archive to Google Drive...
   ⚠️ Title 'Non-Stationary Structural Caus...' not found in arXiv batch. Trying fallbacks...
   [Semantic Scholar] Rate limited (429). Blocking S2 for 60s...
   => Pushing compressed archive to Google Drive...
   => Pushing compressed archive to Google Drive...
   => Pushing compressed archive to Google Drive...
   ⚠️ Title 'Correcting misinterpretations ...' not found in arXiv batch. Trying fallbacks...
   ⚠️ Title 'End-to-End Low-Light Enhanceme...' not found in arXiv batch. Trying fallbacks...
   => Pushing compressed archive to Google Drive...
   => Pushing compressed archive to Google Drive...
   => Pushing compressed archive to Google Drive...
   ⚠️ Title 'MixPrompt: Efficient Mixed Pro...' not found in arXiv batch. Trying fallbacks...
   => Pushing compressed archive to Google Drive...
   => Pushing compressed archive to Google Drive...

[961-990/4559] Đang truy vấn metadata arXiv theo lô...
   ⚠️ Title 'VITA-Audio: Fast Interleaved A...' not found in arXiv batch. Trying fallbacks...
   [Semantic Scholar] Rate limited (429). Blocking S2 for 60s...
   => Pushing compressed archive to Google Drive...
   => Pushing compressed archive to Google Drive...
   => Pushing compressed archive to Google Drive...
   => Pushing compressed archive to Google Drive...
   => Pushing compressed archive to Google Drive...
   => Pushing compressed archive to Google Drive...
   => Pushing compressed archive to Google Drive...
   => Pushing compressed archive to Google Drive...
   => Pushing compressed archive to Google Drive...
   => Pushing compressed archive to Google Drive...
   => Pushing compressed archive to Google Drive...
   => Pushing compressed archive to Google Drive...
   ⚠️ Title 'Practical Kernel Selection for...' not found in arXiv batch. Trying fallbacks...
   => Pushing compressed archive to Google Drive...
   => Pushing compressed archive to Google Drive...
   => Pushing compressed archive to Google Drive...
   ⚠️ Title 'Smoothed Differentiation Effic...' not found in arXiv batch. Trying fallbacks...
   [Semantic Scholar] Rate limited (429). Blocking S2 for 60s...
   => Pushing compressed archive to Google Drive...
   ⚠️ Title 'Improved Regret and Contextual...' not found in arXiv batch. Trying fallbacks...
   => Pushing compressed archive to Google Drive...
   => Pushing compressed archive to Google Drive...
   => Pushing compressed archive to Google Drive...
   => Pushing compressed archive to Google Drive...
   => Pushing compressed archive to Google Drive...
   => Pushing compressed archive to Google Drive...
   => Pushing compressed archive to Google Drive...
   => Pushing compressed archive to Google Drive...
   ⚠️ Title 'CoT-lized Diffusion: Let's Rei...' not found in arXiv batch. Trying fallbacks...
   => Pushing compressed archive to Google Drive...

[991-1020/4559] Đang truy vấn metadata arXiv theo lô...
   ⚠️ Title 'ControlFusion: A Controllable ...' not found in arXiv batch. Trying fallbacks...
   => Pushing compressed archive to Google Drive...
   => Pushing compressed archive to Google Drive...
   ⚠️ Title 'Glance2Gaze: Efficient Vision-...' not found in arXiv batch. Trying fallbacks...
   [Semantic Scholar] Rate limited (429). Blocking S2 for 60s...
   => Pushing compressed archive to Google Drive...
   ⚠️ Title '3DPE-Gaze:Unlocking the Potent...' not found in arXiv batch. Trying fallbacks...
   => Pushing compressed archive to Google Drive...
   => Pushing compressed archive to Google Drive...
   ⚠️ Title 'What We Miss Matters: Learning...' not found in arXiv batch. Trying fallbacks...
   => Pushing compressed archive to Google Drive...
   ⚠️ Title 'Dense Metric Depth Estimation ...' not found in arXiv batch. Trying fallbacks...
   [Semantic Scholar] Rate limited (429). Blocking S2 for 60s...
   ⚠️ Title 'Why Popular MOEAs Are Popular:...' not found in arXiv batch. Trying fallbacks...
   ⚠️ Title 'Fast Local Search Algorithms f...' not found in arXiv batch. Trying fallbacks...
   ⚠️ Title 'Bootstrapping Hierarchical Aut...' not found in arXiv batch. Trying fallbacks...
   => Pushing compressed archive to Google Drive...
   => Pushing compressed archive to Google Drive...
   => Pushing compressed archive to Google Drive...
   => Pushing compressed archive to Google Drive...
   => Pushing compressed archive to Google Drive...
   => Pushing compressed archive to Google Drive...
   => Pushing compressed archive to Google Drive...
   => Pushing compressed archive to Google Drive...
   ⚠️ Title 'Online Portfolio Selection wit...' not found in arXiv batch. Trying fallbacks...
   => Pushing compressed archive to Google Drive...
   ⚠️ Title 'Hierarchical Information Aggre...' not found in arXiv batch. Trying fallbacks...
   [Semantic Scholar] Rate limited (429). Blocking S2 for 60s...
   => Pushing compressed archive to Google Drive...
   => Pushing compressed archive to Google Drive...
   => Pushing compressed archive to Google Drive...
   ⚠️ Title '‌Navigating the MIL Trade-Off:...' not found in arXiv batch. Trying fallbacks...
   => Pushing compressed archive to Google Drive...

[1021-1050/4559] Đang truy vấn metadata arXiv theo lô...
   => Pushing compressed archive to Google Drive...
   => Pushing compressed archive to Google Drive...
   => Pushing compressed archive to Google Drive...
   => Pushing compressed archive to Google Drive...
   => Pushing compressed archive to Google Drive...
   => Pushing compressed archive to Google Drive...
   => Pushing compressed archive to Google Drive...
   => Pushing compressed archive to Google Drive...
   => Pushing compressed archive to Google Drive...
   ⚠️ Title 'Improving Target Sound Extract...' not found in arXiv batch. Trying fallbacks...
   [Semantic Scholar] Rate limited (429). Blocking S2 for 60s...
   => Pushing compressed archive to Google Drive...
   => Pushing compressed archive to Google Drive...
   => Pushing compressed archive to Google Drive...
   => Pushing compressed archive to Google Drive...
   => Pushing compressed archive to Google Drive...
   => Pushing compressed archive to Google Drive...
   ⚠️ Title 'Embeddings as Probabilistic Eq...' not found in arXiv batch. Trying fallbacks...
   ⚠️ Title 'Effective Neural Approximation...' not found in arXiv batch. Trying fallbacks...
   => Pushing compressed archive to Google Drive...
   ⚠️ Title 'Fully Autonomous Neuromorphic ...' not found in arXiv batch. Trying fallbacks...
   [Semantic Scholar] Rate limited (429). Blocking S2 for 60s...
   => Pushing compressed archive to Google Drive...
   => Pushing compressed archive to Google Drive...
   => Pushing compressed archive to Google Drive...
   => Pushing compressed archive to Google Drive...
   => Pushing compressed archive to Google Drive...
   ⚠️ Title 'Beyond Average Value Function ...' not found in arXiv batch. Trying fallbacks...
   ⚠️ Title 'Value-Guided Decision Transfor...' not found in arXiv batch. Trying fallbacks...
   ⚠️ Title 'User-Instructed Disparity-awar...' not found in arXiv batch. Trying fallbacks...
   => Pushing compressed archive to Google Drive...
   => Pushing compressed archive to Google Drive...

[1051-1080/4559] Đang truy vấn metadata arXiv theo lô...
   => Pushing compressed archive to Google Drive...
   => Pushing compressed archive to Google Drive...
   => Pushing compressed archive to Google Drive...
   => Pushing compressed archive to Google Drive...
   ⚠️ Title 'Error Forcing in Recurrent Neu...' not found in arXiv batch. Trying fallbacks...
   ⚠️ Title 'Depth-Width Tradeoffs for Tran...' not found in arXiv batch. Trying fallbacks...
   ⚠️ Title 'DeepDiver: Adaptive Web-Search...' not found in arXiv batch. Trying fallbacks...
   => Pushing compressed archive to Google Drive...
   => Pushing compressed archive to Google Drive...
   ⚠️ Title 'Spectral Graph Coarsening Usin...' not found in arXiv batch. Trying fallbacks...
   => Pushing compressed archive to Google Drive...
   => Pushing compressed archive to Google Drive...
   => Pushing compressed archive to Google Drive...
   => Pushing compressed archive to Google Drive...
   => Pushing compressed archive to Google Drive...
   => Pushing compressed archive to Google Drive...
   ⚠️ Title 'Contimask: Explaining Irregula...' not found in arXiv batch. Trying fallbacks...
   [Semantic Scholar] Rate limited (429). Blocking S2 for 60s...
   => Pushing compressed archive to Google Drive...
   => Pushing compressed archive to Google Drive...
   => Pushing compressed archive to Google Drive...
   ⚠️ Title 'Small Resamples, Sharp Guarant...' not found in arXiv batch. Trying fallbacks...
   => Pushing compressed archive to Google Drive...
   => Pushing compressed archive to Google Drive...
   => Pushing compressed archive to Google Drive...
   => Pushing compressed archive to Google Drive...
   => Pushing compressed archive to Google Drive...
   ⚠️ Title 'DLoFT: Gradient-Decoupled Fine...' not found in arXiv batch. Trying fallbacks...
   [Semantic Scholar] Rate limited (429). Blocking S2 for 60s...
   => Pushing compressed archive to Google Drive...
   ⚠️ Title 'Enhancing Zero-Shot Black-Box ...' not found in arXiv batch. Trying fallbacks...
   => Pushing compressed archive to Google Drive...

[1081-1110/4559] Đang truy vấn metadata arXiv theo lô...
   => Pushing compressed archive to Google Drive...
   => Pushing compressed archive to Google Drive...
   => Pushing compressed archive to Google Drive...
   => Pushing compressed archive to Google Drive...
   ⚠️ Title 'Hadamard Test is Sufficient fo...' not found in arXiv batch. Trying fallbacks...
   => Pushing compressed archive to Google Drive...
   => Pushing compressed archive to Google Drive...
   => Pushing compressed archive to Google Drive...
   => Pushing compressed archive to Google Drive...
   => Pushing compressed archive to Google Drive...
   ⚠️ Title 'Merging on the Fly Without Ret...' not found in arXiv batch. Trying fallbacks...
   [Semantic Scholar] Rate limited (429). Blocking S2 for 60s...
   => Pushing compressed archive to Google Drive...
   => Pushing compressed archive to Google Drive...
   ⚠️ Title 'BioCG: Constrained Generative ...' not found in arXiv batch. Trying fallbacks...
   ⚠️ Title 'MoESD: Unveil Speculative Deco...' not found in arXiv batch. Trying fallbacks...
   => Pushing compressed archive to Google Drive...
   => Pushing compressed archive to Google Drive...
   => Pushing compressed archive to Google Drive...
   => Pushing compressed archive to Google Drive...
   => Pushing compressed archive to Google Drive...
   => Pushing compressed archive to Google Drive...
   => Pushing compressed archive to Google Drive...
   => Pushing compressed archive to Google Drive...
   => Pushing compressed archive to Google Drive...
   => Pushing compressed archive to Google Drive...
   => Pushing compressed archive to Google Drive...
   => Pushing compressed archive to Google Drive...
   => Pushing compressed archive to Google Drive...
   => Pushing compressed archive to Google Drive...
   => Pushing compressed archive to Google Drive...

[1111-1140/4559] Đang truy vấn metadata arXiv theo lô...
   => Pushing compressed archive to Google Drive...
   => Pushing compressed archive to Google Drive...
   ⚠️ Title 'Towards Doctor-Like Reasoning:...' not found in arXiv batch. Trying fallbacks...
   [Semantic Scholar] Rate limited (429). Blocking S2 for 60s...
   => Pushing compressed archive to Google Drive...
   ⚠️ Title 'Seg4Diff: Unveiling Open-Vocab...' not found in arXiv batch. Trying fallbacks...
   => Pushing compressed archive to Google Drive...
   ⚠️ Title 'Controlled Visual Hallucinatio...' not found in arXiv batch. Trying fallbacks...
   ⚠️ Title 'Omni-DNA: A Genomic Model Supp...' not found in arXiv batch. Trying fallbacks...
   ⚠️ Title 'Don’t Trade Off Safety: Diffus...' not found in arXiv batch. Trying fallbacks...
   => Pushing compressed archive to Google Drive...
   => Pushing compressed archive to Google Drive...
   => Pushing compressed archive to Google Drive...
   => Pushing compressed archive to Google Drive...
   => Pushing compressed archive to Google Drive...
   => Pushing compressed archive to Google Drive...
   => Pushing compressed archive to Google Drive...
   ⚠️ Title 'SAGE: A Unified Framework for ...' not found in arXiv batch. Trying fallbacks...
   [Semantic Scholar] Rate limited (429). Blocking S2 for 60s...
   ⚠️ Title 'One Head to Rule Them All: Amp...' not found in arXiv batch. Trying fallbacks...
   => Pushing compressed archive to Google Drive...
   => Pushing compressed archive to Google Drive...
   => Pushing compressed archive to Google Drive...
   => Pushing compressed archive to Google Drive...
   => Pushing compressed archive to Google Drive...
   => Pushing compressed archive to Google Drive...
   ⚠️ Title 'InfinityStar: Uniﬁed Spacetime...' not found in arXiv batch. Trying fallbacks...
   => Pushing compressed archive to Google Drive...
   => Pushing compressed archive to Google Drive...
   => Pushing compressed archive to Google Drive...
   => Pushing compressed archive to Google Drive...
   => Pushing compressed archive to Google Drive...

[1141-1170/4559] Đang truy vấn metadata arXiv theo lô...
   => Pushing compressed archive to Google Drive...
   => Pushing compressed archive to Google Drive...
   ⚠️ Title 'A Learning-Augmented Approach ...' not found in arXiv batch. Trying fallbacks...
   ⚠️ Title 'PanoWan: Lifting Diffusion Vid...' not found in arXiv batch. Trying fallbacks...
   => Pushing compressed archive to Google Drive...
   => Pushing compressed archive to Google Drive...
   => Pushing compressed archive to Google Drive...
   => Pushing compressed archive to Google Drive...
   ⚠️ Title 'DISCO: DISCrete nOise for Cond...' not found in arXiv batch. Trying fallbacks...
   [Semantic Scholar] Rate limited (429). Blocking S2 for 60s...
   => Pushing compressed archive to Google Drive...
   => Pushing compressed archive to Google Drive...
   => Pushing compressed archive to Google Drive...
   => Pushing compressed archive to Google Drive...
   => Pushing compressed archive to Google Drive...
   => Pushing compressed archive to Google Drive...
   => Pushing compressed archive to Google Drive...
   => Pushing compressed archive to Google Drive...
   => Pushing compressed archive to Google Drive...
   => Pushing compressed archive to Google Drive...
   => Pushing compressed archive to Google Drive...
   => Pushing compressed archive to Google Drive...
   => Pushing compressed archive to Google Drive...
   => Pushing compressed archive to Google Drive...
   => Pushing compressed archive to Google Drive...
   => Pushing compressed archive to Google Drive...
   => Pushing compressed archive to Google Drive...
   => Pushing compressed archive to Google Drive...
   ⚠️ Title 'FlashMo: Geometric Interpolant...' not found in arXiv batch. Trying fallbacks...
   [Semantic Scholar] Rate limited (429). Blocking S2 for 60s...
   ⚠️ Title 'Automatic Visual Instrumental ...' not found in arXiv batch. Trying fallbacks...
   => Pushing compressed archive to Google Drive...

[1171-1200/4559] Đang truy vấn metadata arXiv theo lô...
   ⚠️ Title 'WaveAR: Wavelet-Aware Continuo...' not found in arXiv batch. Trying fallbacks...
   => Pushing compressed archive to Google Drive...
   ⚠️ Title 'Retrieval is Not Enough: Enhan...' not found in arXiv batch. Trying fallbacks...
   => Pushing compressed archive to Google Drive...
   ⚠️ Title 'VLM-R³: Region Recognition, Re...' not found in arXiv batch. Trying fallbacks...
   => Pushing compressed archive to Google Drive...
   => Pushing compressed archive to Google Drive...
   ⚠️ Title 'Nearly-Linear Time and Massive...' not found in arXiv batch. Trying fallbacks...
   => Pushing compressed archive to Google Drive...
   ⚠️ Title 'Stab-SGD: Noise-Adaptivity in ...' not found in arXiv batch. Trying fallbacks...
   => Pushing compressed archive to Google Drive...
   ⚠️ Title 'X-Mahalanobis: Transformer Fea...' not found in arXiv batch. Trying fallbacks...
   [Semantic Scholar] Rate limited (429). Blocking S2 for 60s...
   => Pushing compressed archive to Google Drive...
   => Pushing compressed archive to Google Drive...
   => Pushing compressed archive to Google Drive...
   => Pushing compressed archive to Google Drive...
   ⚠️ Title 'Decomposing motor units throug...' not found in arXiv batch. Trying fallbacks...
   ⚠️ Title 'Projective Equivariant Network...' not found in arXiv batch. Trying fallbacks...
   ⚠️ Title 'CLAWS:Creativity detection for...' not found in arXiv batch. Trying fallbacks...
   [HTML Search] Found ArXiv ID for 'CLAWS:Creativity detection for...': 2510.17921
   => Pushing compressed archive to Google Drive...
   => Pushing compressed archive to Google Drive...
   => Pushing compressed archive to Google Drive...
   => Pushing compressed archive to Google Drive...
   ⚠️ Title 'Fit the Distribution: Cross-Im...' not found in arXiv batch. Trying fallbacks...
   => Pushing compressed archive to Google Drive...
   ⚠️ Title 'Federated Continual Learning v...' not found in arXiv batch. Trying fallbacks...
   => Pushing compressed archive to Google Drive...
   ⚠️ Title 'CAMO: Convergence-Aware Multi-...' not found in arXiv batch. Trying fallbacks...
   => Pushing compressed archive to Google Drive...
   => Pushing compressed archive to Google Drive...
   => Pushing compressed archive to Google Drive...

[1201-1230/4559] Đang truy vấn metadata arXiv theo lô...
   ⚠️ Title 'Gaussian Processes for Shuffle...' not found in arXiv batch. Trying fallbacks...
   [Semantic Scholar] Rate limited (429). Blocking S2 for 60s...
   => Pushing compressed archive to Google Drive...
   => Pushing compressed archive to Google Drive...
   => Pushing compressed archive to Google Drive...
   => Pushing compressed archive to Google Drive...
   => Pushing compressed archive to Google Drive...
   => Pushing compressed archive to Google Drive...
   => Pushing compressed archive to Google Drive...
   => Pushing compressed archive to Google Drive...
   => Pushing compressed archive to Google Drive...
   => Pushing compressed archive to Google Drive...
   ⚠️ Title 'Shaping Sequence Attractor Sch...' not found in arXiv batch. Trying fallbacks...
   => Pushing compressed archive to Google Drive...
   ⚠️ Title 'LayerNavigator: Finding Promis...' not found in arXiv batch. Trying fallbacks...
   [Semantic Scholar] Rate limited (429). Blocking S2 for 60s...
   ⚠️ Title 'Preference Optimization on Par...' not found in arXiv batch. Trying fallbacks...
   ⚠️ Title 'DEGauss: Defending Against Mal...' not found in arXiv batch. Trying fallbacks...
   ⚠️ Title 'Zero-Shot Blind-Spot Image Den...' not found in arXiv batch. Trying fallbacks...
   => Pushing compressed archive to Google Drive...
   => Pushing compressed archive to Google Drive...
   ⚠️ Title 'BAM-ICL: Causal Hijacking In-C...' not found in arXiv batch. Trying fallbacks...
   => Pushing compressed archive to Google Drive...
   => Pushing compressed archive to Google Drive...
   ⚠️ Title 'Fourier Clouds: Fast Bias Corr...' not found in arXiv batch. Trying fallbacks...
   => Pushing compressed archive to Google Drive...
   => Pushing compressed archive to Google Drive...
   => Pushing compressed archive to Google Drive...
   => Pushing compressed archive to Google Drive...
   ⚠️ Title 'HoT-VI: Reparameterizable Vari...' not found in arXiv batch. Trying fallbacks...
   ⚠️ Title 'Investigating Hallucinations o...' not found in arXiv batch. Trying fallbacks...
   ⚠️ Title 'What Moves the Eyes: Doubling ...' not found in arXiv batch. Trying fallbacks...

[1231-1260/4559] Đang truy vấn metadata arXiv theo lô...
   => Pushing compressed archive to Google Drive...
   => Pushing compressed archive to Google Drive...
   => Pushing compressed archive to Google Drive...
   => Pushing compressed archive to Google Drive...
   => Pushing compressed archive to Google Drive...
   => Pushing compressed archive to Google Drive...
   => Pushing compressed archive to Google Drive...
   => Pushing compressed archive to Google Drive...
   => Pushing compressed archive to Google Drive...
   => Pushing compressed archive to Google Drive...
   => Pushing compressed archive to Google Drive...
   => Pushing compressed archive to Google Drive...
   => Pushing compressed archive to Google Drive...
   => Pushing compressed archive to Google Drive...
   => Pushing compressed archive to Google Drive...
   ⚠️ Title 'Deciphering the Extremes: A No...' not found in arXiv batch. Trying fallbacks...
   [Semantic Scholar] Rate limited (429). Blocking S2 for 60s...
   => Pushing compressed archive to Google Drive...
   => Pushing compressed archive to Google Drive...
   => Pushing compressed archive to Google Drive...
   ⚠️ Title 'DeblurDiff: Real-Word Image De...' not found in arXiv batch. Trying fallbacks...
   => Pushing compressed archive to Google Drive...
   => Pushing compressed archive to Google Drive...
   => Pushing compressed archive to Google Drive...
   => Pushing compressed archive to Google Drive...
   ⚠️ Title 'Uncertainty-Sensitive Privileg...' not found in arXiv batch. Trying fallbacks...
   [Semantic Scholar] Rate limited (429). Blocking S2 for 60s...
   => Pushing compressed archive to Google Drive...
   => Pushing compressed archive to Google Drive...
   => Pushing compressed archive to Google Drive...
   => Pushing compressed archive to Google Drive...
   => Pushing compressed archive to Google Drive...

[1261-1290/4559] Đang truy vấn metadata arXiv theo lô...
   => Pushing compressed archive to Google Drive...
   ⚠️ Title 'Minimax-Optimal Univariate Fun...' not found in arXiv batch. Trying fallbacks...
   => Pushing compressed archive to Google Drive...
   => Pushing compressed archive to Google Drive...
   => Pushing compressed archive to Google Drive...
   => Pushing compressed archive to Google Drive...
   ⚠️ Title 'Mozart: Modularized and Effici...' not found in arXiv batch. Trying fallbacks...
   [HTML Search] Found ArXiv ID for 'Mozart: Modularized and Effici...': 2603.07006
   => Pushing compressed archive to Google Drive...
   ⚠️ Title 'Learning to Zoom with Anatomic...' not found in arXiv batch. Trying fallbacks...
   [Semantic Scholar] Rate limited (429). Blocking S2 for 60s...
   ⚠️ Title 'Geometric Algebra-Enhanced Bay...' not found in arXiv batch. Trying fallbacks...
   => Pushing compressed archive to Google Drive...
   => Pushing compressed archive to Google Drive...
   => Pushing compressed archive to Google Drive...
   => Pushing compressed archive to Google Drive...
   => Pushing compressed archive to Google Drive...
   => Pushing compressed archive to Google Drive...
   ⚠️ Title 'Hybrid Latent Representations ...' not found in arXiv batch. Trying fallbacks...
   [Semantic Scholar] Rate limited (429). Blocking S2 for 60s...
   => Pushing compressed archive to Google Drive...
   => Pushing compressed archive to Google Drive...
   => Pushing compressed archive to Google Drive...
   => Pushing compressed archive to Google Drive...
   => Pushing compressed archive to Google Drive...
   ⚠️ Title 'Physics-informed machine learn...' not found in arXiv batch. Trying fallbacks...
   [Semantic Scholar] Rate limited (429). Blocking S2 for 60s...
   ⚠️ Title 'Walking the Schrödinger Bridge...' not found in arXiv batch. Trying fallbacks...
   [HTML Search] Found ArXiv ID for 'Walking the Schrödinger Bridge...': 2511.05609
   => Pushing compressed archive to Google Drive...
   => Pushing compressed archive to Google Drive...
   ⚠️ Title 'Dynamic and Chemical Constrain...' not found in arXiv batch. Trying fallbacks...
   ⚠️ Title 'From Pose to Muscle: Multimoda...' not found in arXiv batch. Trying fallbacks...
   => Pushing compressed archive to Google Drive...
   ⚠️ Title 'GD$^2$: Robust Graph Learning ...' not found in arXiv batch. Trying fallbacks...
   => Pushing compressed archive to Google Drive...
   ⚠️ Title 'DOVTrack: Data-Efficient Open-...' not found in arXiv batch. Trying fallbacks...

[1291-1320/4559] Đang truy vấn metadata arXiv theo lô...
   => Pushing compressed archive to Google Drive...
   => Pushing compressed archive to Google Drive...
   => Pushing compressed archive to Google Drive...
   => Pushing compressed archive to Google Drive...
   => Pushing compressed archive to Google Drive...
   => Pushing compressed archive to Google Drive...
   => Pushing compressed archive to Google Drive...
   ⚠️ Title 'Breaking the Order Barrier: Of...' not found in arXiv batch. Trying fallbacks...
   [Semantic Scholar] Rate limited (429). Blocking S2 for 60s...
   => Pushing compressed archive to Google Drive...
   => Pushing compressed archive to Google Drive...
   => Pushing compressed archive to Google Drive...
   ⚠️ Title 'Distributional LLM-as-a-Judge...' not found in arXiv batch. Trying fallbacks...
   => Pushing compressed archive to Google Drive...
   ⚠️ Title 'SeerAttention: Self-distilled ...' not found in arXiv batch. Trying fallbacks...
   => Pushing compressed archive to Google Drive...
   => Pushing compressed archive to Google Drive...
   => Pushing compressed archive to Google Drive...
   => Pushing compressed archive to Google Drive...
   => Pushing compressed archive to Google Drive...
   ⚠️ Title 'LILO: Learning to Reason at th...' not found in arXiv batch. Trying fallbacks...
   [Semantic Scholar] Rate limited (429). Blocking S2 for 60s...
   => Pushing compressed archive to Google Drive...
   => Pushing compressed archive to Google Drive...
   => Pushing compressed archive to Google Drive...
   ⚠️ Title 'Bi-Directional Communication-E...' not found in arXiv batch. Trying fallbacks...
   ⚠️ Title 'Orthogonal Contrastive Learnin...' not found in arXiv batch. Trying fallbacks...
   => Pushing compressed archive to Google Drive...
   => Pushing compressed archive to Google Drive...
   => Pushing compressed archive to Google Drive...
   => Pushing compressed archive to Google Drive...
   => Pushing compressed archive to Google Drive...

[1321-1350/4559] Đang truy vấn metadata arXiv theo lô...
   => Pushing compressed archive to Google Drive...
   ⚠️ Title 'Bilevel Network Learning via H...' not found in arXiv batch. Trying fallbacks...
   [Semantic Scholar] Rate limited (429). Blocking S2 for 60s...
   => Pushing compressed archive to Google Drive...
   ⚠️ Title 'LLM Layers Immediately Correct...' not found in arXiv batch. Trying fallbacks...
   ⚠️ Title 'Optical Coherence Tomography H...' not found in arXiv batch. Trying fallbacks...
   => Pushing compressed archive to Google Drive...
   ⚠️ Title 'LLM at Network Edge: A Layer-w...' not found in arXiv batch. Trying fallbacks...
   => Pushing compressed archive to Google Drive...
   => Pushing compressed archive to Google Drive...
   => Pushing compressed archive to Google Drive...
   ⚠️ Title 'Out-of-Distribution Generalize...' not found in arXiv batch. Trying fallbacks...
   => Pushing compressed archive to Google Drive...
   => Pushing compressed archive to Google Drive...
   => Pushing compressed archive to Google Drive...
   => Pushing compressed archive to Google Drive...
   ⚠️ Title 'CaliGCL: Calibrated Graph Cont...' not found in arXiv batch. Trying fallbacks...
   [Semantic Scholar] Rate limited (429). Blocking S2 for 60s...
   ⚠️ Title 'Predicting Functional Brain Co...' not found in arXiv batch. Trying fallbacks...
   => Pushing compressed archive to Google Drive...
   ⚠️ Title 'Federated Multi-armed Bandits ...' not found in arXiv batch. Trying fallbacks...
   => Pushing compressed archive to Google Drive...
   => Pushing compressed archive to Google Drive...
   => Pushing compressed archive to Google Drive...
   => Pushing compressed archive to Google Drive...
   ⚠️ Title 'Non-monotone Submodular Optimi...' not found in arXiv batch. Trying fallbacks...
   => Pushing compressed archive to Google Drive...
   => Pushing compressed archive to Google Drive...
   => Pushing compressed archive to Google Drive...
   ⚠️ Title 'Trajectory Graph Learning: Ali...' not found in arXiv batch. Trying fallbacks...
   [Semantic Scholar] Rate limited (429). Blocking S2 for 60s...
   => Pushing compressed archive to Google Drive...
   => Pushing compressed archive to Google Drive...

[1351-1380/4559] Đang truy vấn metadata arXiv theo lô...
   => Pushing compressed archive to Google Drive...
   => Pushing compressed archive to Google Drive...
   => Pushing compressed archive to Google Drive...
   => Pushing compressed archive to Google Drive...
   => Pushing compressed archive to Google Drive...
   => Pushing compressed archive to Google Drive...
   => Pushing compressed archive to Google Drive...
   => Pushing compressed archive to Google Drive...
   ⚠️ Title 'CausalVTG: Towards Robust Vide...' not found in arXiv batch. Trying fallbacks...
   [Semantic Scholar] Rate limited (429). Blocking S2 for 60s...
   ⚠️ Title 'UniTransfer: Video Concept Tra...' not found in arXiv batch. Trying fallbacks...
   => Pushing compressed archive to Google Drive...
   ⚠️ Title 'LOMIA: Label-Only Membership I...' not found in arXiv batch. Trying fallbacks...
   => Pushing compressed archive to Google Drive...
   => Pushing compressed archive to Google Drive...
   => Pushing compressed archive to Google Drive...
   => Pushing compressed archive to Google Drive...
   ⚠️ Title 'Self-Guided Hierarchical Explo...' not found in arXiv batch. Trying fallbacks...
   ⚠️ Title 'Diffusion-Guided Graph Data Au...' not found in arXiv batch. Trying fallbacks...
   => Pushing compressed archive to Google Drive...
   => Pushing compressed archive to Google Drive...
   => Pushing compressed archive to Google Drive...
   => Pushing compressed archive to Google Drive...
   => Pushing compressed archive to Google Drive...
   => Pushing compressed archive to Google Drive...
   => Pushing compressed archive to Google Drive...
   => Pushing compressed archive to Google Drive...
   => Pushing compressed archive to Google Drive...
   ⚠️ Title 'Learning Chern Numbers of Mult...' not found in arXiv batch. Trying fallbacks...
   => Pushing compressed archive to Google Drive...
   ⚠️ Title 'For Better or for Worse, Trans...' not found in arXiv batch. Trying fallbacks...
   [Semantic Scholar] Rate limited (429). Blocking S2 for 60s...

[1381-1410/4559] Đang truy vấn metadata arXiv theo lô...
   => Pushing compressed archive to Google Drive...
   => Pushing compressed archive to Google Drive...
   => Pushing compressed archive to Google Drive...
   => Pushing compressed archive to Google Drive...
   ⚠️ Title 'Deep Gaussian from Motion: Exp...' not found in arXiv batch. Trying fallbacks...
   => Pushing compressed archive to Google Drive...
   => Pushing compressed archive to Google Drive...
   ⚠️ Title 'Interactive Cross-modal Learni...' not found in arXiv batch. Trying fallbacks...
   => Pushing compressed archive to Google Drive...
   => Pushing compressed archive to Google Drive...
   => Pushing compressed archive to Google Drive...
   ⚠️ Title 'LVLM-Driven Attribute-Aware Mo...' not found in arXiv batch. Trying fallbacks...
   [Semantic Scholar] Rate limited (429). Blocking S2 for 60s...
   => Pushing compressed archive to Google Drive...
   => Pushing compressed archive to Google Drive...
   => Pushing compressed archive to Google Drive...
   => Pushing compressed archive to Google Drive...
   => Pushing compressed archive to Google Drive...
   ⚠️ Title 'REINFORCE Converges to Optimal...' not found in arXiv batch. Trying fallbacks...
   => Pushing compressed archive to Google Drive...
   => Pushing compressed archive to Google Drive...
   => Pushing compressed archive to Google Drive...
   => Pushing compressed archive to Google Drive...
   => Pushing compressed archive to Google Drive...
   => Pushing compressed archive to Google Drive...
   => Pushing compressed archive to Google Drive...
   ⚠️ Title 'Adaptable Safe Policy Learning...' not found in arXiv batch. Trying fallbacks...
   [Semantic Scholar] Rate limited (429). Blocking S2 for 60s...
   => Pushing compressed archive to Google Drive...
   ⚠️ Title 'VETA-DiT: Variance-Equalized a...' not found in arXiv batch. Trying fallbacks...
   ⚠️ Title 'Dimensionality Mismatch Betwee...' not found in arXiv batch. Trying fallbacks...
   ⚠️ Title 'Diffusion Federated Dataset...' not found in arXiv batch. Trying fallbacks...

[1411-1440/4559] Đang truy vấn metadata arXiv theo lô...
   ⚠️ Title 'HairFree: Compositional 2D Hea...' not found in arXiv batch. Trying fallbacks...
   => Pushing compressed archive to Google Drive...
   => Pushing compressed archive to Google Drive...
   => Pushing compressed archive to Google Drive...
   => Pushing compressed archive to Google Drive...
   ⚠️ Title 'Statistical Parity with Expone...' not found in arXiv batch. Trying fallbacks...
   => Pushing compressed archive to Google Drive...
   => Pushing compressed archive to Google Drive...
   => Pushing compressed archive to Google Drive...
   => Pushing compressed archive to Google Drive...
   => Pushing compressed archive to Google Drive...
   => Pushing compressed archive to Google Drive...
   => Pushing compressed archive to Google Drive...
   ⚠️ Title 'Rising from Ashes: Generalized...' not found in arXiv batch. Trying fallbacks...
   [Semantic Scholar] Rate limited (429). Blocking S2 for 60s...
   => Pushing compressed archive to Google Drive...
   => Pushing compressed archive to Google Drive...
   ⚠️ Title 'Inverse Q-Learning Done Right:...' not found in arXiv batch. Trying fallbacks...
   [Semantic Scholar] Rate limited (429). Blocking S2 for 60s...
   => Pushing compressed archive to Google Drive...
   => Pushing compressed archive to Google Drive...
   ⚠️ Title 'Learning non-equilibrium diffu...' not found in arXiv batch. Trying fallbacks...
   [HTML Search] Found ArXiv ID for 'Learning non-equilibrium diffu...': 2505.16644
   => Pushing compressed archive to Google Drive...
   => Pushing compressed archive to Google Drive...
   => Pushing compressed archive to Google Drive...
   ⚠️ Title 'Vector Database Watermarking...' not found in arXiv batch. Trying fallbacks...
   [Semantic Scholar] Rate limited (429). Blocking S2 for 60s...
   ⚠️ Title 'MIHC: Multi-View Interpretable...' not found in arXiv batch. Trying fallbacks...
   => Pushing compressed archive to Google Drive...
   => Pushing compressed archive to Google Drive...
   => Pushing compressed archive to Google Drive...
   ⚠️ Title 'Reasoning Beyond Points: A Vis...' not found in arXiv batch. Trying fallbacks...
   => Pushing compressed archive to Google Drive...
   => Pushing compressed archive to Google Drive...

[1441-1470/4559] Đang truy vấn metadata arXiv theo lô...
   => Pushing compressed archive to Google Drive...
   => Pushing compressed archive to Google Drive...
   => Pushing compressed archive to Google Drive...
   => Pushing compressed archive to Google Drive...
   => Pushing compressed archive to Google Drive...
   => Pushing compressed archive to Google Drive...
   => Pushing compressed archive to Google Drive...
   => Pushing compressed archive to Google Drive...
   => Pushing compressed archive to Google Drive...
   => Pushing compressed archive to Google Drive...
   ⚠️ Title 'Don’t Forget the Enjoin: Focal...' not found in arXiv batch. Trying fallbacks...
   [Semantic Scholar] Rate limited (429). Blocking S2 for 60s...
   => Pushing compressed archive to Google Drive...
   => Pushing compressed archive to Google Drive...
   => Pushing compressed archive to Google Drive...
   ⚠️ Title 'Complete Structure Guided Poin...' not found in arXiv batch. Trying fallbacks...
   => Pushing compressed archive to Google Drive...
   ⚠️ Title 'PyraMotion: Attentional Pyrami...' not found in arXiv batch. Trying fallbacks...
   ⚠️ Title 'DualCnst: Enhancing Zero-Shot ...' not found in arXiv batch. Trying fallbacks...
   => Pushing compressed archive to Google Drive...
   ⚠️ Title 'Sum Estimation under Personali...' not found in arXiv batch. Trying fallbacks...
   ⚠️ Title 'Tight Asymptotics of Extreme O...' not found in arXiv batch. Trying fallbacks...
   => Pushing compressed archive to Google Drive...
   => Pushing compressed archive to Google Drive...
   => Pushing compressed archive to Google Drive...
   => Pushing compressed archive to Google Drive...
   => Pushing compressed archive to Google Drive...
   => Pushing compressed archive to Google Drive...
   ⚠️ Title 'Balanced Active Inference...' not found in arXiv batch. Trying fallbacks...
   [Semantic Scholar] Rate limited (429). Blocking S2 for 60s...
   => Pushing compressed archive to Google Drive...
   ⚠️ Title 'On the necessity of adaptive r...' not found in arXiv batch. Trying fallbacks...

[1471-1500/4559] Đang truy vấn metadata arXiv theo lô...
   => Pushing compressed archive to Google Drive...
   => Pushing compressed archive to Google Drive...
   => Pushing compressed archive to Google Drive...
   ⚠️ Title 'Continual Gaussian Mixture Dis...' not found in arXiv batch. Trying fallbacks...
   => Pushing compressed archive to Google Drive...
   ⚠️ Title 'Stackelberg Learning with Outc...' not found in arXiv batch. Trying fallbacks...
   => Pushing compressed archive to Google Drive...
   ⚠️ Title 'Low-degree evidence for comput...' not found in arXiv batch. Trying fallbacks...
   => Pushing compressed archive to Google Drive...
   => Pushing compressed archive to Google Drive...
   => Pushing compressed archive to Google Drive...
   ⚠️ Title 'Private Set Union with Multipl...' not found in arXiv batch. Trying fallbacks...
   => Pushing compressed archive to Google Drive...
   ⚠️ Title 'Co-PatcheR: Collaborative Soft...' not found in arXiv batch. Trying fallbacks...
   ⚠️ Title 'Angles Don’t Lie: Unlocking Tr...' not found in arXiv batch. Trying fallbacks...
   => Pushing compressed archive to Google Drive...
   ⚠️ Title 'Score-Based Diffusion Modeling...' not found in arXiv batch. Trying fallbacks...
   => Pushing compressed archive to Google Drive...
   => Pushing compressed archive to Google Drive...
   => Pushing compressed archive to Google Drive...
   => Pushing compressed archive to Google Drive...
   ⚠️ Title 'Deep Learning with Plausible D...' not found in arXiv batch. Trying fallbacks...
   [Semantic Scholar] Rate limited (429). Blocking S2 for 60s...
   => Pushing compressed archive to Google Drive...
   => Pushing compressed archive to Google Drive...
   => Pushing compressed archive to Google Drive...
   => Pushing compressed archive to Google Drive...
   => Pushing compressed archive to Google Drive...
   => Pushing compressed archive to Google Drive...
   => Pushing compressed archive to Google Drive...
   ⚠️ Title 'ShortListing Model: A Streamli...' not found in arXiv batch. Trying fallbacks...
   [Semantic Scholar] Rate limited (429). Blocking S2 for 60s...

[1501-1530/4559] Đang truy vấn metadata arXiv theo lô...
   => Pushing compressed archive to Google Drive...
   => Pushing compressed archive to Google Drive...
   ⚠️ Title 'Causal-R: A Causal-Reasoning G...' not found in arXiv batch. Trying fallbacks...
   => Pushing compressed archive to Google Drive...
   => Pushing compressed archive to Google Drive...
   => Pushing compressed archive to Google Drive...
   => Pushing compressed archive to Google Drive...
   => Pushing compressed archive to Google Drive...
   => Pushing compressed archive to Google Drive...
   => Pushing compressed archive to Google Drive...
   => Pushing compressed archive to Google Drive...
   => Pushing compressed archive to Google Drive...
   => Pushing compressed archive to Google Drive...
   ⚠️ Title 'Latency NMS Attacks: Is It Rea...' not found in arXiv batch. Trying fallbacks...
   [Semantic Scholar] Rate limited (429). Blocking S2 for 60s...
   => Pushing compressed archive to Google Drive...
   ⚠️ Title 'Tackling Continual Offline RL ...' not found in arXiv batch. Trying fallbacks...
   ⚠️ Title 'Enhancing GUI Agent with Uncer...' not found in arXiv batch. Trying fallbacks...
   => Pushing compressed archive to Google Drive...
   => Pushing compressed archive to Google Drive...
   => Pushing compressed archive to Google Drive...
   => Pushing compressed archive to Google Drive...
   => Pushing compressed archive to Google Drive...
   ⚠️ Title 'Tree-Based Premise Selection f...' not found in arXiv batch. Trying fallbacks...
   => Pushing compressed archive to Google Drive...
   => Pushing compressed archive to Google Drive...
   ⚠️ Title 'Revisiting Consensus Error: A ...' not found in arXiv batch. Trying fallbacks...
   [Semantic Scholar] Rate limited (429). Blocking S2 for 60s...
   => Pushing compressed archive to Google Drive...
   ⚠️ Title 'Contrastive Learning with Data...' not found in arXiv batch. Trying fallbacks...
   => Pushing compressed archive to Google Drive...
   => Pushing compressed archive to Google Drive...

[1531-1560/4559] Đang truy vấn metadata arXiv theo lô...
   => Pushing compressed archive to Google Drive...
   ⚠️ Title 'RANK++LETR: Learn to Rank and ...' not found in arXiv batch. Trying fallbacks...
   ⚠️ Title 'SpaceServe: Spatial Multiplexi...' not found in arXiv batch. Trying fallbacks...
   => Pushing compressed archive to Google Drive...
   => Pushing compressed archive to Google Drive...
   => Pushing compressed archive to Google Drive...
   => Pushing compressed archive to Google Drive...
   => Pushing compressed archive to Google Drive...
   => Pushing compressed archive to Google Drive...
   => Pushing compressed archive to Google Drive...
   => Pushing compressed archive to Google Drive...
   ⚠️ Title 'Conformal Prediction under Lév...' not found in arXiv batch. Trying fallbacks...
   [Semantic Scholar] Rate limited (429). Blocking S2 for 60s...
   => Pushing compressed archive to Google Drive...
   ⚠️ Title 'Self supervised learning for i...' not found in arXiv batch. Trying fallbacks...
   => Pushing compressed archive to Google Drive...
   => Pushing compressed archive to Google Drive...
   => Pushing compressed archive to Google Drive...
   => Pushing compressed archive to Google Drive...
   => Pushing compressed archive to Google Drive...
   => Pushing compressed archive to Google Drive...
   => Pushing compressed archive to Google Drive...
   ⚠️ Title 'HiFC: High-efficiency Flash-ba...' not found in arXiv batch. Trying fallbacks...
   [Semantic Scholar] Rate limited (429). Blocking S2 for 60s...
   => Pushing compressed archive to Google Drive...
   => Pushing compressed archive to Google Drive...
   => Pushing compressed archive to Google Drive...
   => Pushing compressed archive to Google Drive...
   ⚠️ Title 'Mamba Only Glances Once (MOGO)...' not found in arXiv batch. Trying fallbacks...
   [Semantic Scholar] Rate limited (429). Blocking S2 for 60s...
   => Pushing compressed archive to Google Drive...
   => Pushing compressed archive to Google Drive...
   => Pushing compressed archive to Google Drive...

[1561-1590/4559] Đang truy vấn metadata arXiv theo lô...
   ⚠️ Title 'Fractional Langevin Dynamics f...' not found in arXiv batch. Trying fallbacks...
   [Semantic Scholar] Rate limited (429). Blocking S2 for 60s...
   => Pushing compressed archive to Google Drive...
   => Pushing compressed archive to Google Drive...
   => Pushing compressed archive to Google Drive...
   => Pushing compressed archive to Google Drive...
   => Pushing compressed archive to Google Drive...
   ⚠️ Title 'OPHR: Mastering Volatility Tra...' not found in arXiv batch. Trying fallbacks...
   => Pushing compressed archive to Google Drive...
   => Pushing compressed archive to Google Drive...
   => Pushing compressed archive to Google Drive...
   ⚠️ Title 'MoFo: Empowering Long-term Tim...' not found in arXiv batch. Trying fallbacks...
   [Semantic Scholar] Rate limited (429). Blocking S2 for 60s...
   => Pushing compressed archive to Google Drive...
   => Pushing compressed archive to Google Drive...
   => Pushing compressed archive to Google Drive...
   => Pushing compressed archive to Google Drive...
   => Pushing compressed archive to Google Drive...
   ⚠️ Title 'Logic.py: Bridging the Gap bet...' not found in arXiv batch. Trying fallbacks...
   [HTML Search] Found ArXiv ID for 'Logic.py: Bridging the Gap bet...': 2502.15776
   => Pushing compressed archive to Google Drive...
   => Pushing compressed archive to Google Drive...
   => Pushing compressed archive to Google Drive...
   ⚠️ Title 'Uncover Governing Law of Patho...' not found in arXiv batch. Trying fallbacks...
   [Semantic Scholar] Rate limited (429). Blocking S2 for 60s...
   => Pushing compressed archive to Google Drive...
   => Pushing compressed archive to Google Drive...
   => Pushing compressed archive to Google Drive...
   ⚠️ Title 'Many Minds, One Goal: Time Ser...' not found in arXiv batch. Trying fallbacks...
   ⚠️ Title 'Fourier Token Merging: Underst...' not found in arXiv batch. Trying fallbacks...
   ⚠️ Title 'Geometric Logit Decoupling for...' not found in arXiv batch. Trying fallbacks...
   => Pushing compressed archive to Google Drive...
   => Pushing compressed archive to Google Drive...
   => Pushing compressed archive to Google Drive...
   ⚠️ Title 'No Object Is an Island: Enhanc...' not found in arXiv batch. Trying fallbacks...

[1591-1620/4559] Đang truy vấn metadata arXiv theo lô...
   => Pushing compressed archive to Google Drive...
   => Pushing compressed archive to Google Drive...
   => Pushing compressed archive to Google Drive...
   ⚠️ Title 'Provably Efficient Multi-Task ...' not found in arXiv batch. Trying fallbacks...
   ⚠️ Title 'Planning with Quantized Oppone...' not found in arXiv batch. Trying fallbacks...
   [Semantic Scholar] Rate limited (429). Blocking S2 for 60s...
   ⚠️ Title 'Robust Cross-modal Alignment L...' not found in arXiv batch. Trying fallbacks...
   => Pushing compressed archive to Google Drive...
   => Pushing compressed archive to Google Drive...
   => Pushing compressed archive to Google Drive...
   => Pushing compressed archive to Google Drive...
   => Pushing compressed archive to Google Drive...
   => Pushing compressed archive to Google Drive...
   => Pushing compressed archive to Google Drive...
   => Pushing compressed archive to Google Drive...
   ⚠️ Title 'Open-Vocabulary Part Segmentat...' not found in arXiv batch. Trying fallbacks...
   [Semantic Scholar] Rate limited (429). Blocking S2 for 60s...
   => Pushing compressed archive to Google Drive...
   ⚠️ Title 'RankMatch: A Novel Approach to...' not found in arXiv batch. Trying fallbacks...
   => Pushing compressed archive to Google Drive...
   => Pushing compressed archive to Google Drive...
   ⚠️ Title 'NEED: Cross-Subject and Cross-...' not found in arXiv batch. Trying fallbacks...
   => Pushing compressed archive to Google Drive...
   => Pushing compressed archive to Google Drive...
   ⚠️ Title 'Purifying Shampoo: Investigati...' not found in arXiv batch. Trying fallbacks...
   => Pushing compressed archive to Google Drive...
   => Pushing compressed archive to Google Drive...
   => Pushing compressed archive to Google Drive...
   => Pushing compressed archive to Google Drive...
   => Pushing compressed archive to Google Drive...
   => Pushing compressed archive to Google Drive...
   => Pushing compressed archive to Google Drive...

[1621-1650/4559] Đang truy vấn metadata arXiv theo lô...
   => Pushing compressed archive to Google Drive...
   => Pushing compressed archive to Google Drive...
   => Pushing compressed archive to Google Drive...
   => Pushing compressed archive to Google Drive...
   => Pushing compressed archive to Google Drive...
   => Pushing compressed archive to Google Drive...
   => Pushing compressed archive to Google Drive...
   => Pushing compressed archive to Google Drive...
   => Pushing compressed archive to Google Drive...
   => Pushing compressed archive to Google Drive...
   => Pushing compressed archive to Google Drive...
   => Pushing compressed archive to Google Drive...
   => Pushing compressed archive to Google Drive...
   ⚠️ Title 'ToF-IP: Time-of-Flight Enhance...' not found in arXiv batch. Trying fallbacks...
   [Semantic Scholar] Rate limited (429). Blocking S2 for 60s...
   => Pushing compressed archive to Google Drive...
   => Pushing compressed archive to Google Drive...
   => Pushing compressed archive to Google Drive...
   => Pushing compressed archive to Google Drive...
   => Pushing compressed archive to Google Drive...
   => Pushing compressed archive to Google Drive...
   => Pushing compressed archive to Google Drive...
   => Pushing compressed archive to Google Drive...
   => Pushing compressed archive to Google Drive...
   => Pushing compressed archive to Google Drive...
   ⚠️ Title 'On Evaluating Policies for Rob...' not found in arXiv batch. Trying fallbacks...
   ⚠️ Title 'Adaptive Quantization in Gener...' not found in arXiv batch. Trying fallbacks...
   ⚠️ Title '$\text{G}^2\text{M}$: A Genera...' not found in arXiv batch. Trying fallbacks...
   => Pushing compressed archive to Google Drive...
   => Pushing compressed archive to Google Drive...
   => Pushing compressed archive to Google Drive...

[1651-1680/4559] Đang truy vấn metadata arXiv theo lô...
   => Pushing compressed archive to Google Drive...
   => Pushing compressed archive to Google Drive...
   => Pushing compressed archive to Google Drive...
   => Pushing compressed archive to Google Drive...
   => Pushing compressed archive to Google Drive...
   ⚠️ Title 'Beyond $\tilde{O}(\sqrt{T})$ C...' not found in arXiv batch. Trying fallbacks...
   [HTML Search] Found ArXiv ID for 'Beyond $\tilde{O}(\sqrt{T})$ C...': 2505.06709
   => Pushing compressed archive to Google Drive...
   => Pushing compressed archive to Google Drive...
   => Pushing compressed archive to Google Drive...
   => Pushing compressed archive to Google Drive...
   ⚠️ Title 'DP²O-SR: Direct Perceptual Pre...' not found in arXiv batch. Trying fallbacks...
   [Semantic Scholar] Rate limited (429). Blocking S2 for 60s...
   => Pushing compressed archive to Google Drive...
   => Pushing compressed archive to Google Drive...
   ⚠️ Title 'Weak-shot Keypoint Estimation ...' not found in arXiv batch. Trying fallbacks...
   [Semantic Scholar] Rate limited (429). Blocking S2 for 60s...
   => Pushing compressed archive to Google Drive...
   => Pushing compressed archive to Google Drive...
   => Pushing compressed archive to Google Drive...
   => Pushing compressed archive to Google Drive...
   => Pushing compressed archive to Google Drive...
   => Pushing compressed archive to Google Drive...
   => Pushing compressed archive to Google Drive...
   => Pushing compressed archive to Google Drive...
   => Pushing compressed archive to Google Drive...
   => Pushing compressed archive to Google Drive...
   ⚠️ Title 'Counterfactual Implicit Feedba...' not found in arXiv batch. Trying fallbacks...
   [Semantic Scholar] Rate limited (429). Blocking S2 for 60s...
   => Pushing compressed archive to Google Drive...
   => Pushing compressed archive to Google Drive...
   => Pushing compressed archive to Google Drive...
   => Pushing compressed archive to Google Drive...
   => Pushing compressed archive to Google Drive...
   => Pushing compressed archive to Google Drive...

[1681-1710/4559] Đang truy vấn metadata arXiv theo lô...
   => Pushing compressed archive to Google Drive...
   ⚠️ Title 'SMARTraj$^2$: A Stable Multi-C...' not found in arXiv batch. Trying fallbacks...
   => Pushing compressed archive to Google Drive...
   ⚠️ Title 'A Learning-Augmented Dynamic P...' not found in arXiv batch. Trying fallbacks...
   => Pushing compressed archive to Google Drive...
   => Pushing compressed archive to Google Drive...
   ⚠️ Title 'Retro-R1: LLM-based Agentic Re...' not found in arXiv batch. Trying fallbacks...
   => Pushing compressed archive to Google Drive...
   ⚠️ Title 'Gaussian Approximation and Con...' not found in arXiv batch. Trying fallbacks...
   [Semantic Scholar] Rate limited (429). Blocking S2 for 60s...
   => Pushing compressed archive to Google Drive...
   => Pushing compressed archive to Google Drive...
   => Pushing compressed archive to Google Drive...
   ⚠️ Title 'A Generalized Binary Tree Mech...' not found in arXiv batch. Trying fallbacks...
   => Pushing compressed archive to Google Drive...
   ⚠️ Title 'Real-DRL: Teach and Learn at R...' not found in arXiv batch. Trying fallbacks...
   => Pushing compressed archive to Google Drive...
   => Pushing compressed archive to Google Drive...
   => Pushing compressed archive to Google Drive...
   ⚠️ Title 'IA-GGAD: Zero-shot Generalist ...' not found in arXiv batch. Trying fallbacks...
   [Semantic Scholar] Rate limited (429). Blocking S2 for 60s...
   => Pushing compressed archive to Google Drive...
   => Pushing compressed archive to Google Drive...
   => Pushing compressed archive to Google Drive...
   => Pushing compressed archive to Google Drive...
   ⚠️ Title 'Refinement Methods for Distrib...' not found in arXiv batch. Trying fallbacks...
   ⚠️ Title 'Sample-Efficient Multi-Round G...' not found in arXiv batch. Trying fallbacks...
   => Pushing compressed archive to Google Drive...
   ⚠️ Title 'AngleRoCL: Angle-Robust Concep...' not found in arXiv batch. Trying fallbacks...
   => Pushing compressed archive to Google Drive...
   => Pushing compressed archive to Google Drive...
   ⚠️ Title 'CF-VLM:CounterFactual Vision-L...' not found in arXiv batch. Trying fallbacks...
   [HTML Search] Found ArXiv ID for 'CF-VLM:CounterFactual Vision-L...': 2506.17267
   => Pushing compressed archive to Google Drive...

[1711-1740/4559] Đang truy vấn metadata arXiv theo lô...
   => Pushing compressed archive to Google Drive...
   => Pushing compressed archive to Google Drive...
   ⚠️ Title 'Activity Pruning for Efficient...' not found in arXiv batch. Trying fallbacks...
   => Pushing compressed archive to Google Drive...
   ⚠️ Title 'Dynamic Focused Masking for Au...' not found in arXiv batch. Trying fallbacks...
   [Semantic Scholar] Rate limited (429). Blocking S2 for 60s...
   => Pushing compressed archive to Google Drive...
   ⚠️ Title 'A machine learning approach th...' not found in arXiv batch. Trying fallbacks...
   => Pushing compressed archive to Google Drive...
   => Pushing compressed archive to Google Drive...
   => Pushing compressed archive to Google Drive...
   => Pushing compressed archive to Google Drive...
   => Pushing compressed archive to Google Drive...
   => Pushing compressed archive to Google Drive...
   => Pushing compressed archive to Google Drive...
   ⚠️ Title 'Online Bilateral Trade With Mi...' not found in arXiv batch. Trying fallbacks...
   [Semantic Scholar] Rate limited (429). Blocking S2 for 60s...
   => Pushing compressed archive to Google Drive...
   ⚠️ Title 'MOSDT: Self-Distillation-Based...' not found in arXiv batch. Trying fallbacks...
   => Pushing compressed archive to Google Drive...
   => Pushing compressed archive to Google Drive...
   => Pushing compressed archive to Google Drive...
   => Pushing compressed archive to Google Drive...
   ⚠️ Title 'DPAIL: Training Diffusion Poli...' not found in arXiv batch. Trying fallbacks...
   => Pushing compressed archive to Google Drive...
   => Pushing compressed archive to Google Drive...
   ⚠️ Title 'Dynamic Diffusion Schrödinger ...' not found in arXiv batch. Trying fallbacks...
   [HTML Search] Found ArXiv ID for 'Dynamic Diffusion Schrödinger ...': 2506.08065
   => Pushing compressed archive to Google Drive...
   ⚠️ Title 'PhysDiff: A Physically-Guided ...' not found in arXiv batch. Trying fallbacks...
   => Pushing compressed archive to Google Drive...
   ⚠️ Title 'Revitalizing SVD for Global Co...' not found in arXiv batch. Trying fallbacks...
   [Semantic Scholar] Rate limited (429). Blocking S2 for 60s...
   => Pushing compressed archive to Google Drive...
   => Pushing compressed archive to Google Drive...

[1741-1770/4559] Đang truy vấn metadata arXiv theo lô...
   => Pushing compressed archive to Google Drive...
   ⚠️ Title 'Adversary Aware Optimization f...' not found in arXiv batch. Trying fallbacks...
   => Pushing compressed archive to Google Drive...
   ⚠️ Title 'Neighbor-aware Contrastive Dis...' not found in arXiv batch. Trying fallbacks...
   [Semantic Scholar] Rate limited (429). Blocking S2 for 60s...
   => Pushing compressed archive to Google Drive...
   => Pushing compressed archive to Google Drive...
   => Pushing compressed archive to Google Drive...
   ⚠️ Title 'DoseSurv: Predicting Personali...' not found in arXiv batch. Trying fallbacks...
   ⚠️ Title 'RoMa: A Robust Model Watermark...' not found in arXiv batch. Trying fallbacks...
   => Pushing compressed archive to Google Drive...
   ⚠️ Title 'Enhancing Deep Batch Active Le...' not found in arXiv batch. Trying fallbacks...
   => Pushing compressed archive to Google Drive...
   ⚠️ Title 'The Computational Advantage of...' not found in arXiv batch. Trying fallbacks...
   [Semantic Scholar] Rate limited (429). Blocking S2 for 60s...
   => Pushing compressed archive to Google Drive...
   => Pushing compressed archive to Google Drive...
   => Pushing compressed archive to Google Drive...
   => Pushing compressed archive to Google Drive...
   => Pushing compressed archive to Google Drive...
   => Pushing compressed archive to Google Drive...
   => Pushing compressed archive to Google Drive...
   => Pushing compressed archive to Google Drive...
   => Pushing compressed archive to Google Drive...
   => Pushing compressed archive to Google Drive...
   => Pushing compressed archive to Google Drive...
   ⚠️ Title 'Computation and Memory-Efficie...' not found in arXiv batch. Trying fallbacks...
   [Semantic Scholar] Rate limited (429). Blocking S2 for 60s...
   => Pushing compressed archive to Google Drive...
   => Pushing compressed archive to Google Drive...
   => Pushing compressed archive to Google Drive...
   ⚠️ Title 'Venus-MAXWELL: Efficient Learn...' not found in arXiv batch. Trying fallbacks...
   => Pushing compressed archive to Google Drive...

[1771-1800/4559] Đang truy vấn metadata arXiv theo lô...
   ⚠️ Title 'Selective Omniprediction and F...' not found in arXiv batch. Trying fallbacks...
   => Pushing compressed archive to Google Drive...
   => Pushing compressed archive to Google Drive...
   ⚠️ Title 'Clustering via Hedonic Games: ...' not found in arXiv batch. Trying fallbacks...
   => Pushing compressed archive to Google Drive...
   => Pushing compressed archive to Google Drive...
   => Pushing compressed archive to Google Drive...
   ⚠️ Title 'Týr-the-Pruner: Structural Pru...' not found in arXiv batch. Trying fallbacks...
   [HTML Search] Found ArXiv ID for 'Týr-the-Pruner: Structural Pru...': 2503.09657
   => Pushing compressed archive to Google Drive...
   ⚠️ Title 'Avoiding exp(R) scaling in RLH...' not found in arXiv batch. Trying fallbacks...
   [Semantic Scholar] Rate limited (429). Blocking S2 for 60s...
   => Pushing compressed archive to Google Drive...
   => Pushing compressed archive to Google Drive...
   => Pushing compressed archive to Google Drive...
   => Pushing compressed archive to Google Drive...
   => Pushing compressed archive to Google Drive...
   => Pushing compressed archive to Google Drive...
   => Pushing compressed archive to Google Drive...
   ⚠️ Title 'Mamba Modulation: On the Lengt...' not found in arXiv batch. Trying fallbacks...
   ⚠️ Title 'Discovering Compositional Hall...' not found in arXiv batch. Trying fallbacks...
   => Pushing compressed archive to Google Drive...
   => Pushing compressed archive to Google Drive...
   => Pushing compressed archive to Google Drive...
   => Pushing compressed archive to Google Drive...
   => Pushing compressed archive to Google Drive...
   => Pushing compressed archive to Google Drive...
   => Pushing compressed archive to Google Drive...
   => Pushing compressed archive to Google Drive...
   => Pushing compressed archive to Google Drive...
   => Pushing compressed archive to Google Drive...
   => Pushing compressed archive to Google Drive...
   => Pushing compressed archive to Google Drive...

[1801-1830/4559] Đang truy vấn metadata arXiv theo lô...
   ⚠️ Title 'Grasp2Grasp: Vision-Based Dext...' not found in arXiv batch. Trying fallbacks...
   [HTML Search] Found ArXiv ID for 'Grasp2Grasp: Vision-Based Dext...': 2506.02489
   => Pushing compressed archive to Google Drive...
   => Pushing compressed archive to Google Drive...
   ⚠️ Title 'Enhancing Privacy in Multimoda...' not found in arXiv batch. Trying fallbacks...
   [Semantic Scholar] Rate limited (429). Blocking S2 for 60s...
   => Pushing compressed archive to Google Drive...
   => Pushing compressed archive to Google Drive...
   => Pushing compressed archive to Google Drive...
   ⚠️ Title 'Eagle 2.5: Boosting Long-Conte...' not found in arXiv batch. Trying fallbacks...
   [HTML Search] Found ArXiv ID for 'Eagle 2.5: Boosting Long-Conte...': 2504.15271
   => Pushing compressed archive to Google Drive...
   => Pushing compressed archive to Google Drive...
   ⚠️ Title 'Differentiable Sparsity via $D...' not found in arXiv batch. Trying fallbacks...
   [HTML Search] Found ArXiv ID for 'Differentiable Sparsity via $D...': 2509.23898
   => Pushing compressed archive to Google Drive...
   => Pushing compressed archive to Google Drive...
   => Pushing compressed archive to Google Drive...
   => Pushing compressed archive to Google Drive...
   ⚠️ Title 'SmartCache: Context-aware Sema...' not found in arXiv batch. Trying fallbacks...
   ⚠️ Title 'Enhancing Bioactivity Predicti...' not found in arXiv batch. Trying fallbacks...
   ⚠️ Title 'HYPERION: Fine-Grained Hypersp...' not found in arXiv batch. Trying fallbacks...
   => Pushing compressed archive to Google Drive...
   ⚠️ Title 'Causal Discovery and Inference...' not found in arXiv batch. Trying fallbacks...
   => Pushing compressed archive to Google Drive...
   => Pushing compressed archive to Google Drive...
   ⚠️ Title 'Real-Time Scene-Adaptive Tone ...' not found in arXiv batch. Trying fallbacks...
   [Semantic Scholar] Rate limited (429). Blocking S2 for 60s...
   => Pushing compressed archive to Google Drive...
   => Pushing compressed archive to Google Drive...
   => Pushing compressed archive to Google Drive...
   => Pushing compressed archive to Google Drive...
   => Pushing compressed archive to Google Drive...
   => Pushing compressed archive to Google Drive...
   => Pushing compressed archive to Google Drive...
   => Pushing compressed archive to Google Drive...
   => Pushing compressed archive to Google Drive...
   => Pushing compressed archive to Google Drive...

[1831-1860/4559] Đang truy vấn metadata arXiv theo lô...
   ⚠️ Title 'MonoLift: Learning 3D Manipula...' not found in arXiv batch. Trying fallbacks...
   [Semantic Scholar] Rate limited (429). Blocking S2 for 60s...
   => Pushing compressed archive to Google Drive...
   => Pushing compressed archive to Google Drive...
   => Pushing compressed archive to Google Drive...
   => Pushing compressed archive to Google Drive...
   => Pushing compressed archive to Google Drive...
   => Pushing compressed archive to Google Drive...
   => Pushing compressed archive to Google Drive...
   => Pushing compressed archive to Google Drive...
   => Pushing compressed archive to Google Drive...
   => Pushing compressed archive to Google Drive...
   => Pushing compressed archive to Google Drive...
   => Pushing compressed archive to Google Drive...
   ⚠️ Title 'Localized Data Shapley: Accele...' not found in arXiv batch. Trying fallbacks...
   => Pushing compressed archive to Google Drive...
   => Pushing compressed archive to Google Drive...
   => Pushing compressed archive to Google Drive...
   => Pushing compressed archive to Google Drive...
   => Pushing compressed archive to Google Drive...
   => Pushing compressed archive to Google Drive...
   => Pushing compressed archive to Google Drive...
   => Pushing compressed archive to Google Drive...
   => Pushing compressed archive to Google Drive...
   => Pushing compressed archive to Google Drive...
   ⚠️ Title 'Conditional Diffusion Anomaly ...' not found in arXiv batch. Trying fallbacks...
   [Semantic Scholar] Rate limited (429). Blocking S2 for 60s...
   ⚠️ Title 'Non-Uniform Multiclass Learnin...' not found in arXiv batch. Trying fallbacks...
   => Pushing compressed archive to Google Drive...
   => Pushing compressed archive to Google Drive...
   => Pushing compressed archive to Google Drive...
   => Pushing compressed archive to Google Drive...

[1861-1890/4559] Đang truy vấn metadata arXiv theo lô...
   => Pushing compressed archive to Google Drive...
   => Pushing compressed archive to Google Drive...
   ⚠️ Title 'Co-Regularization Enhances Kno...' not found in arXiv batch. Trying fallbacks...
   [Semantic Scholar] Rate limited (429). Blocking S2 for 60s...
   => Pushing compressed archive to Google Drive...
   => Pushing compressed archive to Google Drive...
   => Pushing compressed archive to Google Drive...
   ⚠️ Title 'How Does Topology Bias Distort...' not found in arXiv batch. Trying fallbacks...
   ⚠️ Title 'Neural Correlates of Serial De...' not found in arXiv batch. Trying fallbacks...
   ⚠️ Title 'Understanding Softmax Attentio...' not found in arXiv batch. Trying fallbacks...
   => Pushing compressed archive to Google Drive...
   ⚠️ Title 'BMW: Bidirectionally Memory ba...' not found in arXiv batch. Trying fallbacks...
   => Pushing compressed archive to Google Drive...
   => Pushing compressed archive to Google Drive...
   => Pushing compressed archive to Google Drive...
   => Pushing compressed archive to Google Drive...
   => Pushing compressed archive to Google Drive...
   ⚠️ Title 'PANGEA: Projection-Based Augme...' not found in arXiv batch. Trying fallbacks...
   [Semantic Scholar] Rate limited (429). Blocking S2 for 60s...
   => Pushing compressed archive to Google Drive...
   ⚠️ Title 'Generalized and Invariant Sing...' not found in arXiv batch. Trying fallbacks...
   => Pushing compressed archive to Google Drive...
   ⚠️ Title 'Domain Adaptive Hashing Retrie...' not found in arXiv batch. Trying fallbacks...
   => Pushing compressed archive to Google Drive...
   ⚠️ Title 'NeuroH-TGL: Neuro-Heterogeneit...' not found in arXiv batch. Trying fallbacks...
   => Pushing compressed archive to Google Drive...
   ⚠️ Title 'QBasicVSR: Temporal Awareness ...' not found in arXiv batch. Trying fallbacks...
   => Pushing compressed archive to Google Drive...
   => Pushing compressed archive to Google Drive...
   => Pushing compressed archive to Google Drive...
   => Pushing compressed archive to Google Drive...
   => Pushing compressed archive to Google Drive...

[1891-1920/4559] Đang truy vấn metadata arXiv theo lô...
   ⚠️ Title 'MJ-Video: Benchmarking and Rew...' not found in arXiv batch. Trying fallbacks...
   => Pushing compressed archive to Google Drive...
   ⚠️ Title 'When Models Don’t Collapse: On...' not found in arXiv batch. Trying fallbacks...
   => Pushing compressed archive to Google Drive...
   ⚠️ Title 'FlowRefiner: A Robust Traffic ...' not found in arXiv batch. Trying fallbacks...
   [Semantic Scholar] Rate limited (429). Blocking S2 for 60s...
   ⚠️ Title 'SHF: Symmetrical Hierarchical ...' not found in arXiv batch. Trying fallbacks...
   ⚠️ Title 'RFMPose: Generative Category-l...' not found in arXiv batch. Trying fallbacks...
   => Pushing compressed archive to Google Drive...
   => Pushing compressed archive to Google Drive...
   => Pushing compressed archive to Google Drive...
   => Pushing compressed archive to Google Drive...
   ⚠️ Title 'Deployment Efficient Reward-Fr...' not found in arXiv batch. Trying fallbacks...
   => Pushing compressed archive to Google Drive...
   ⚠️ Title 'Adaptive Fission: Post-trainin...' not found in arXiv batch. Trying fallbacks...
   => Pushing compressed archive to Google Drive...
   => Pushing compressed archive to Google Drive...
   => Pushing compressed archive to Google Drive...
   => Pushing compressed archive to Google Drive...
   ⚠️ Title 'Sim-LLM: Optimizing LLM Infere...' not found in arXiv batch. Trying fallbacks...
   => Pushing compressed archive to Google Drive...
   => Pushing compressed archive to Google Drive...
   => Pushing compressed archive to Google Drive...
   => Pushing compressed archive to Google Drive...
   => Pushing compressed archive to Google Drive...
   => Pushing compressed archive to Google Drive...
   => Pushing compressed archive to Google Drive...
   => Pushing compressed archive to Google Drive...
   => Pushing compressed archive to Google Drive...
   ⚠️ Title 'Scaling Laws for Gradient Desc...' not found in arXiv batch. Trying fallbacks...
   [Semantic Scholar] Rate limited (429). Blocking S2 for 60s...
   ⚠️ Title 'Principled Model Routing for U...' not found in arXiv batch. Trying fallbacks...

[1921-1950/4559] Đang truy vấn metadata arXiv theo lô...
   => Pushing compressed archive to Google Drive...
   => Pushing compressed archive to Google Drive...
   ❌ Lỗi đồng bộ lên Google Drive cho bài 'U-REPA: Aligning Diffusion U-N...': <HttpError 502 when requesting https://www.googleapis.com/upload/drive/v3/files?fields=id&alt=json&uploadType=multipart returned "Bad Gateway". Details: "<!DOCTYPE html>
<html lang=en>
  <meta charset=utf-8>
  <meta name=viewport content="initial-scale=1, minimum-scale=1, width=device-width">
  <title>Error 502 (Server Error)!!1</title>
  <style>
    *{margin:0;padding:0}html,code{font:15px/22px arial,sans-serif}html{background:#fff;color:#222;padding:15px}body{margin:7% auto 0;max-width:390px;min-height:180px;padding:30px 0 15px}* > body{background:url(//www.google.com/images/errors/robot.png) 100% 5px no-repeat;padding-right:205px}p{margin:11px 0 22px;overflow:hidden}ins{color:#777;text-decoration:none}a img{border:0}@media screen and (max-width:772px){body{background:none;margin-top:0;max-width:none;padding-right:0}}#logo{background:url(//www.google.com/images/branding/googlelogo/1x/googlelogo_color_150x54dp.png) no-repeat;margin-left:-5px}@media only screen and (min-resolution:192dpi){#logo{background:url(//www.google.com/images/branding/googlelogo/2x/googlelogo_color_150x54dp.png) no-repeat 0% 0%/100% 100%;-moz-border-image:url(//www.google.com/images/branding/googlelogo/2x/googlelogo_color_150x54dp.png) 0}}@media only screen and (-webkit-min-device-pixel-ratio:2){#logo{background:url(//www.google.com/images/branding/googlelogo/2x/googlelogo_color_150x54dp.png) no-repeat;-webkit-background-size:100% 100%}}#logo{display:inline-block;height:54px;width:150px}
  </style>
  <a href=//www.google.com/><span id=logo aria-label=Google></span></a>
  <p><b>502.</b> <ins>That’s an error.</ins>
  <p>The server encountered a temporary error and could not complete your request.<p>Please try again in 30 seconds.  <ins>That’s all we know.</ins>
">
   ⚠️ Title 'Agnostic Continuous-Time Onlin...' not found in arXiv batch. Trying fallbacks...
   ⚠️ Title 'Quantifying Elicitation of Lat...' not found in arXiv batch. Trying fallbacks...
   => Pushing compressed archive to Google Drive...
   => Pushing compressed archive to Google Drive...
   => Pushing compressed archive to Google Drive...
   => Pushing compressed archive to Google Drive...
   => Pushing compressed archive to Google Drive...
   => Pushing compressed archive to Google Drive...
   => Pushing compressed archive to Google Drive...
   => Pushing compressed archive to Google Drive...
   => Pushing compressed archive to Google Drive...
   ⚠️ Title 'Jury-and-Judge Chain-of-Though...' not found in arXiv batch. Trying fallbacks...
   [Semantic Scholar] Rate limited (429). Blocking S2 for 60s...
   => Pushing compressed archive to Google Drive...
   => Pushing compressed archive to Google Drive...
   => Pushing compressed archive to Google Drive...
   => Pushing compressed archive to Google Drive...
   ⚠️ Title 'A Fair Federated Learning Meth...' not found in arXiv batch. Trying fallbacks...
   => Pushing compressed archive to Google Drive...
   ⚠️ Title 'Improving Model-Based Reinforc...' not found in arXiv batch. Trying fallbacks...
   => Pushing compressed archive to Google Drive...
   => Pushing compressed archive to Google Drive...
   => Pushing compressed archive to Google Drive...
   => Pushing compressed archive to Google Drive...
   => Pushing compressed archive to Google Drive...
   => Pushing compressed archive to Google Drive...
   ⚠️ Title 'Exploring and Exploiting Model...' not found in arXiv batch. Trying fallbacks...
   => Pushing compressed archive to Google Drive...
   => Pushing compressed archive to Google Drive...

[1951-1980/4559] Đang truy vấn metadata arXiv theo lô...
   ⚠️ Title 'Tapered Off-Policy REINFORCE -...' not found in arXiv batch. Trying fallbacks...
   => Pushing compressed archive to Google Drive...
   => Pushing compressed archive to Google Drive...
   => Pushing compressed archive to Google Drive...
   ⚠️ Title 'CroPe: Cross-Modal Semantic Co...' not found in arXiv batch. Trying fallbacks...
   [Semantic Scholar] Rate limited (429). Blocking S2 for 60s...
   => Pushing compressed archive to Google Drive...
   => Pushing compressed archive to Google Drive...
   => Pushing compressed archive to Google Drive...
   => Pushing compressed archive to Google Drive...
   => Pushing compressed archive to Google Drive...
   => Pushing compressed archive to Google Drive...
   => Pushing compressed archive to Google Drive...
   ⚠️ Title 'Mitigating Spurious Features i...' not found in arXiv batch. Trying fallbacks...
   => Pushing compressed archive to Google Drive...
   => Pushing compressed archive to Google Drive...
   => Pushing compressed archive to Google Drive...
   => Pushing compressed archive to Google Drive...
   ⚠️ Title 'Versatile Transferable Unlearn...' not found in arXiv batch. Trying fallbacks...
   [Semantic Scholar] Rate limited (429). Blocking S2 for 60s...
   => Pushing compressed archive to Google Drive...
   => Pushing compressed archive to Google Drive...
   ⚠️ Title 'Normalizing Flows are Capable ...' not found in arXiv batch. Trying fallbacks...
   => Pushing compressed archive to Google Drive...
   => Pushing compressed archive to Google Drive...
   => Pushing compressed archive to Google Drive...
   => Pushing compressed archive to Google Drive...
   => Pushing compressed archive to Google Drive...
   => Pushing compressed archive to Google Drive...
   => Pushing compressed archive to Google Drive...
   ⚠️ Title 'Lifelong Test-Time Adaptation ...' not found in arXiv batch. Trying fallbacks...
   [Semantic Scholar] Rate limited (429). Blocking S2 for 60s...
   => Pushing compressed archive to Google Drive...

[1981-2010/4559] Đang truy vấn metadata arXiv theo lô...
   => Pushing compressed archive to Google Drive...
   => Pushing compressed archive to Google Drive...
   => Pushing compressed archive to Google Drive...
   => Pushing compressed archive to Google Drive...
   => Pushing compressed archive to Google Drive...
   => Pushing compressed archive to Google Drive...
   => Pushing compressed archive to Google Drive...
   => Pushing compressed archive to Google Drive...
   => Pushing compressed archive to Google Drive...
   => Pushing compressed archive to Google Drive...
   => Pushing compressed archive to Google Drive...
   => Pushing compressed archive to Google Drive...
   ⚠️ Title 'Tight Bounds for Maximum Weigh...' not found in arXiv batch. Trying fallbacks...
   [Semantic Scholar] Rate limited (429). Blocking S2 for 60s...
   => Pushing compressed archive to Google Drive...
   => Pushing compressed archive to Google Drive...
   => Pushing compressed archive to Google Drive...
   => Pushing compressed archive to Google Drive...
   ⚠️ Title 'A Multimodal BiMamba Network w...' not found in arXiv batch. Trying fallbacks...
   [Semantic Scholar] Rate limited (429). Blocking S2 for 60s...
   => Pushing compressed archive to Google Drive...
   => Pushing compressed archive to Google Drive...
   ⚠️ Title 'Reliable Lifelong Multimodal E...' not found in arXiv batch. Trying fallbacks...
   => Pushing compressed archive to Google Drive...
   => Pushing compressed archive to Google Drive...
   => Pushing compressed archive to Google Drive...
   => Pushing compressed archive to Google Drive...
   ⚠️ Title 'Parameter Dynamics of Online M...' not found in arXiv batch. Trying fallbacks...
   [Semantic Scholar] Rate limited (429). Blocking S2 for 60s...
   => Pushing compressed archive to Google Drive...
   => Pushing compressed archive to Google Drive...
   => Pushing compressed archive to Google Drive...
   ⚠️ Title 'A Computationally Viable Numer...' not found in arXiv batch. Trying fallbacks...

[2011-2040/4559] Đang truy vấn metadata arXiv theo lô...
   => Pushing compressed archive to Google Drive...
   ⚠️ Title 'Adaptive Gradient Masking for ...' not found in arXiv batch. Trying fallbacks...
   => Pushing compressed archive to Google Drive...
   => Pushing compressed archive to Google Drive...
   => Pushing compressed archive to Google Drive...
   => Pushing compressed archive to Google Drive...
   ⚠️ Title 'What do you know? Bayesian kno...' not found in arXiv batch. Trying fallbacks...
   [Semantic Scholar] Rate limited (429). Blocking S2 for 60s...
   => Pushing compressed archive to Google Drive...
   => Pushing compressed archive to Google Drive...
   ⚠️ Title 'Provable Gradient Editing of D...' not found in arXiv batch. Trying fallbacks...
   ⚠️ Title 'Multi-Expert Distributionally ...' not found in arXiv batch. Trying fallbacks...
   => Pushing compressed archive to Google Drive...
   => Pushing compressed archive to Google Drive...
   ⚠️ Title 'Leaving No OOD Instance Behind...' not found in arXiv batch. Trying fallbacks...
   => Pushing compressed archive to Google Drive...
   ⚠️ Title 'Analogy-based Multi-Turn Jailb...' not found in arXiv batch. Trying fallbacks...
   ⚠️ Title 'R$^2$ec: Towards Large Recomme...' not found in arXiv batch. Trying fallbacks...
   ⚠️ Title 'SE-GUI: Enhancing Visual Groun...' not found in arXiv batch. Trying fallbacks...
   => Pushing compressed archive to Google Drive...
   => Pushing compressed archive to Google Drive...
   => Pushing compressed archive to Google Drive...
   ⚠️ Title 'Faster Algorithms for Structur...' not found in arXiv batch. Trying fallbacks...
   ⚠️ Title 'COLA: Towards Efficient Multi-...' not found in arXiv batch. Trying fallbacks...
   => Pushing compressed archive to Google Drive...
   => Pushing compressed archive to Google Drive...
   => Pushing compressed archive to Google Drive...
   => Pushing compressed archive to Google Drive...
   => Pushing compressed archive to Google Drive...
   ⚠️ Title 'Model Reconciliation via Cost-...' not found in arXiv batch. Trying fallbacks...
   [Semantic Scholar] Rate limited (429). Blocking S2 for 60s...
   => Pushing compressed archive to Google Drive...

[2041-2070/4559] Đang truy vấn metadata arXiv theo lô...
   => Pushing compressed archive to Google Drive...
   => Pushing compressed archive to Google Drive...
   => Pushing compressed archive to Google Drive...
   ⚠️ Title 'GenColor: Generative and Expre...' not found in arXiv batch. Trying fallbacks...
   => Pushing compressed archive to Google Drive...
   ⚠️ Title 'Attribution-Driven Adaptive To...' not found in arXiv batch. Trying fallbacks...
   => Pushing compressed archive to Google Drive...
   => Pushing compressed archive to Google Drive...
   => Pushing compressed archive to Google Drive...
   => Pushing compressed archive to Google Drive...
   => Pushing compressed archive to Google Drive...
   => Pushing compressed archive to Google Drive...
   => Pushing compressed archive to Google Drive...
   => Pushing compressed archive to Google Drive...
   => Pushing compressed archive to Google Drive...
   ⚠️ Title 'VideoMAR: Autoregressive Video...' not found in arXiv batch. Trying fallbacks...
   [Semantic Scholar] Rate limited (429). Blocking S2 for 60s...
   ⚠️ Title 'Improving Reward Models with P...' not found in arXiv batch. Trying fallbacks...
   => Pushing compressed archive to Google Drive...
   => Pushing compressed archive to Google Drive...
   => Pushing compressed archive to Google Drive...
   => Pushing compressed archive to Google Drive...
   ⚠️ Title 'Anomaly Detection by an Ensemb...' not found in arXiv batch. Trying fallbacks...
   [Semantic Scholar] Rate limited (429). Blocking S2 for 60s...
   => Pushing compressed archive to Google Drive...
   => Pushing compressed archive to Google Drive...
   => Pushing compressed archive to Google Drive...
   ⚠️ Title 'Pinpointing Attention-Causal C...' not found in arXiv batch. Trying fallbacks...
   ⚠️ Title 'Distributed Multi-Agent Bandit...' not found in arXiv batch. Trying fallbacks...
   [HTML Search] Found ArXiv ID for 'Distributed Multi-Agent Bandit...': 2510.22811
   => Pushing compressed archive to Google Drive...
   => Pushing compressed archive to Google Drive...
   => Pushing compressed archive to Google Drive...
   => Pushing compressed archive to Google Drive...

[2071-2100/4559] Đang truy vấn metadata arXiv theo lô...
   => Pushing compressed archive to Google Drive...
   => Pushing compressed archive to Google Drive...
   ⚠️ Title 'D-VST: Diffusion Transformer f...' not found in arXiv batch. Trying fallbacks...
   ⚠️ Title 'A Beyond-Worst-Case Analysis o...' not found in arXiv batch. Trying fallbacks...
   => Pushing compressed archive to Google Drive...
   => Pushing compressed archive to Google Drive...
   => Pushing compressed archive to Google Drive...
   => Pushing compressed archive to Google Drive...
   ⚠️ Title 'ComRank: Ranking Loss for Mult...' not found in arXiv batch. Trying fallbacks...
   [Semantic Scholar] Rate limited (429). Blocking S2 for 60s...
   ⚠️ Title 'Unbiased Prototype Consistency...' not found in arXiv batch. Trying fallbacks...
   ⚠️ Title 'A Driving-Style-Adaptive Frame...' not found in arXiv batch. Trying fallbacks...
   => Pushing compressed archive to Google Drive...
   => Pushing compressed archive to Google Drive...
   ⚠️ Title 'Correlation Dimension of Autor...' not found in arXiv batch. Trying fallbacks...
   ⚠️ Title 'You Only Spectralize Once: Tak...' not found in arXiv batch. Trying fallbacks...
   => Pushing compressed archive to Google Drive...
   => Pushing compressed archive to Google Drive...
   => Pushing compressed archive to Google Drive...
   => Pushing compressed archive to Google Drive...
   ⚠️ Title '$\epsilon$-Seg: Sparsely Super...' not found in arXiv batch. Trying fallbacks...
   => Pushing compressed archive to Google Drive...
   ⚠️ Title 'SilentStriker: Toward Stealthy...' not found in arXiv batch. Trying fallbacks...
   => Pushing compressed archive to Google Drive...
   => Pushing compressed archive to Google Drive...
   => Pushing compressed archive to Google Drive...
   => Pushing compressed archive to Google Drive...
   => Pushing compressed archive to Google Drive...
   => Pushing compressed archive to Google Drive...
   => Pushing compressed archive to Google Drive...
   ⚠️ Title 'DualMPNN: Harnessing Structura...' not found in arXiv batch. Trying fallbacks...
   [Semantic Scholar] Rate limited (429). Blocking S2 for 60s...

[2101-2130/4559] Đang truy vấn metadata arXiv theo lô...
   => Pushing compressed archive to Google Drive...
   => Pushing compressed archive to Google Drive...
   ⚠️ Title 'VCM: Vision Concept Modeling w...' not found in arXiv batch. Trying fallbacks...
   => Pushing compressed archive to Google Drive...
   => Pushing compressed archive to Google Drive...
   => Pushing compressed archive to Google Drive...
   => Pushing compressed archive to Google Drive...
   ⚠️ Title 'StegoZip: Enhancing Linguistic...' not found in arXiv batch. Trying fallbacks...
   [Semantic Scholar] Rate limited (429). Blocking S2 for 60s...
   => Pushing compressed archive to Google Drive...
   => Pushing compressed archive to Google Drive...
   => Pushing compressed archive to Google Drive...
   => Pushing compressed archive to Google Drive...
   => Pushing compressed archive to Google Drive...
   => Pushing compressed archive to Google Drive...
   => Pushing compressed archive to Google Drive...
   ⚠️ Title 'Tightening Regret Lower and Up...' not found in arXiv batch. Trying fallbacks...
   [Semantic Scholar] Rate limited (429). Blocking S2 for 60s...
   => Pushing compressed archive to Google Drive...
   ⚠️ Title 'DyMU: Dynamic Merging and Virt...' not found in arXiv batch. Trying fallbacks...
   => Pushing compressed archive to Google Drive...
   ⚠️ Title 'On Traceability in $\ell_p$ St...' not found in arXiv batch. Trying fallbacks...
   [HTML Search] Found ArXiv ID for 'On Traceability in $\ell_p$ St...': 2502.17384
   => Pushing compressed archive to Google Drive...
   ⚠️ Title 'SGAR: Structural Generative Au...' not found in arXiv batch. Trying fallbacks...
   => Pushing compressed archive to Google Drive...
   ⚠️ Title 'Leveraging Conditional Depende...' not found in arXiv batch. Trying fallbacks...
   => Pushing compressed archive to Google Drive...
   => Pushing compressed archive to Google Drive...
   => Pushing compressed archive to Google Drive...
   => Pushing compressed archive to Google Drive...
   => Pushing compressed archive to Google Drive...
   => Pushing compressed archive to Google Drive...
   => Pushing compressed archive to Google Drive...

[2131-2160/4559] Đang truy vấn metadata arXiv theo lô...
   => Pushing compressed archive to Google Drive...
   => Pushing compressed archive to Google Drive...
   => Pushing compressed archive to Google Drive...
   => Pushing compressed archive to Google Drive...
   => Pushing compressed archive to Google Drive...
   => Pushing compressed archive to Google Drive...
   => Pushing compressed archive to Google Drive...
   => Pushing compressed archive to Google Drive...
   ⚠️ Title 'Bounds on the computational co...' not found in arXiv batch. Trying fallbacks...
   [Semantic Scholar] Rate limited (429). Blocking S2 for 60s...
   => Pushing compressed archive to Google Drive...
   => Pushing compressed archive to Google Drive...
   => Pushing compressed archive to Google Drive...
   => Pushing compressed archive to Google Drive...
   => Pushing compressed archive to Google Drive...
   => Pushing compressed archive to Google Drive...
   => Pushing compressed archive to Google Drive...
   => Pushing compressed archive to Google Drive...
   ⚠️ Title 'HiMoLE: Towards OOD-Robust LoR...' not found in arXiv batch. Trying fallbacks...
   [Semantic Scholar] Rate limited (429). Blocking S2 for 60s...
   => Pushing compressed archive to Google Drive...
   => Pushing compressed archive to Google Drive...
   => Pushing compressed archive to Google Drive...
   => Pushing compressed archive to Google Drive...
   => Pushing compressed archive to Google Drive...
   => Pushing compressed archive to Google Drive...
   ⚠️ Title 'GLID$^2$E: A Gradient-Free Lig...' not found in arXiv batch. Trying fallbacks...
   [Semantic Scholar] Rate limited (429). Blocking S2 for 60s...
   => Pushing compressed archive to Google Drive...
   => Pushing compressed archive to Google Drive...
   ⚠️ Title 'Median Selection with  Noisy  ...' not found in arXiv batch. Trying fallbacks...
   => Pushing compressed archive to Google Drive...
   => Pushing compressed archive to Google Drive...

[2161-2190/4559] Đang truy vấn metadata arXiv theo lô...
   => Pushing compressed archive to Google Drive...
   ⚠️ Title 'Learning Across the Gap: Hybri...' not found in arXiv batch. Trying fallbacks...
   [Semantic Scholar] Rate limited (429). Blocking S2 for 60s...
   => Pushing compressed archive to Google Drive...
   ⚠️ Title 'Scaling Data-Driven Probabilis...' not found in arXiv batch. Trying fallbacks...
   ⚠️ Title 'Robust SuperAlignment: Weak-to...' not found in arXiv batch. Trying fallbacks...
   => Pushing compressed archive to Google Drive...
   => Pushing compressed archive to Google Drive...
   => Pushing compressed archive to Google Drive...
   ⚠️ Title 'L2DGCN: Learnable Enhancement ...' not found in arXiv batch. Trying fallbacks...
   => Pushing compressed archive to Google Drive...
   => Pushing compressed archive to Google Drive...
   ⚠️ Title 'Confusion-Driven Self-Supervis...' not found in arXiv batch. Trying fallbacks...
   => Pushing compressed archive to Google Drive...
   => Pushing compressed archive to Google Drive...
   => Pushing compressed archive to Google Drive...
   ⚠️ Title 'FANS: A Flatness-Aware Network...' not found in arXiv batch. Trying fallbacks...
   [Semantic Scholar] Rate limited (429). Blocking S2 for 60s...
   => Pushing compressed archive to Google Drive...
   => Pushing compressed archive to Google Drive...
   => Pushing compressed archive to Google Drive...
   ⚠️ Title 'Uncertainty-quantified Rollout...' not found in arXiv batch. Trying fallbacks...
   => Pushing compressed archive to Google Drive...
   => Pushing compressed archive to Google Drive...
   => Pushing compressed archive to Google Drive...
   => Pushing compressed archive to Google Drive...
   => Pushing compressed archive to Google Drive...
   => Pushing compressed archive to Google Drive...
   => Pushing compressed archive to Google Drive...
   => Pushing compressed archive to Google Drive...
   => Pushing compressed archive to Google Drive...
   => Pushing compressed archive to Google Drive...

[2191-2220/4559] Đang truy vấn metadata arXiv theo lô...
   ⚠️ Title 'CogVLA: Cognition-Aligned Visi...' not found in arXiv batch. Trying fallbacks...
   [Semantic Scholar] Rate limited (429). Blocking S2 for 60s...
   => Pushing compressed archive to Google Drive...
   ⚠️ Title 'Unveiling the Uncertainty in E...' not found in arXiv batch. Trying fallbacks...
   => Pushing compressed archive to Google Drive...
   => Pushing compressed archive to Google Drive...
   => Pushing compressed archive to Google Drive...
   => Pushing compressed archive to Google Drive...
   => Pushing compressed archive to Google Drive...
   => Pushing compressed archive to Google Drive...
   ⚠️ Title 'Discovering Symbolic Partial D...' not found in arXiv batch. Trying fallbacks...
   [Semantic Scholar] Rate limited (429). Blocking S2 for 60s...
   => Pushing compressed archive to Google Drive...
   => Pushing compressed archive to Google Drive...
   ⚠️ Title 'MisoDICE: Multi-Agent Imitatio...' not found in arXiv batch. Trying fallbacks...
   => Pushing compressed archive to Google Drive...
   ⚠️ Title 'SPRO: Improving Image Generati...' not found in arXiv batch. Trying fallbacks...
   => Pushing compressed archive to Google Drive...
   ⚠️ Title 'From Pretraining to Pathology:...' not found in arXiv batch. Trying fallbacks...
   ⚠️ Title 'DuSA: Fast and Accurate Dual-S...' not found in arXiv batch. Trying fallbacks...
   => Pushing compressed archive to Google Drive...
   => Pushing compressed archive to Google Drive...
   ⚠️ Title 'Diffusion Feature Field for Te...' not found in arXiv batch. Trying fallbacks...
   => Pushing compressed archive to Google Drive...
   ⚠️ Title 'Exploring Tradeoffs through Mo...' not found in arXiv batch. Trying fallbacks...
   => Pushing compressed archive to Google Drive...
   => Pushing compressed archive to Google Drive...
   => Pushing compressed archive to Google Drive...
   => Pushing compressed archive to Google Drive...
   ⚠️ Title 'Discovering Important Experts ...' not found in arXiv batch. Trying fallbacks...
   => Pushing compressed archive to Google Drive...
   => Pushing compressed archive to Google Drive...

[2221-2250/4559] Đang truy vấn metadata arXiv theo lô...
   => Pushing compressed archive to Google Drive...
   ⚠️ Title 'Neural Hamiltonian Diffusions ...' not found in arXiv batch. Trying fallbacks...
   [Semantic Scholar] Rate limited (429). Blocking S2 for 60s...
   => Pushing compressed archive to Google Drive...
   ⚠️ Title 'C-SafeGen: Certified Safe LLM ...' not found in arXiv batch. Trying fallbacks...
   => Pushing compressed archive to Google Drive...
   => Pushing compressed archive to Google Drive...
   => Pushing compressed archive to Google Drive...
   => Pushing compressed archive to Google Drive...
   => Pushing compressed archive to Google Drive...
   ⚠️ Title 'FSEO: Few-Shot Evolutionary Op...' not found in arXiv batch. Trying fallbacks...
   ⚠️ Title 'ActiveVOO: Value of Observatio...' not found in arXiv batch. Trying fallbacks...
   [Semantic Scholar] Rate limited (429). Blocking S2 for 60s...
   ⚠️ Title 'Removing Concepts from Text-to...' not found in arXiv batch. Trying fallbacks...
   => Pushing compressed archive to Google Drive...
   => Pushing compressed archive to Google Drive...
   ⚠️ Title 'BrainMoE: Cognition Joint Embe...' not found in arXiv batch. Trying fallbacks...
   ⚠️ Title 'Vinci: Deep Thinking in Text-t...' not found in arXiv batch. Trying fallbacks...
   => Pushing compressed archive to Google Drive...
   => Pushing compressed archive to Google Drive...
   => Pushing compressed archive to Google Drive...
   ⚠️ Title 'Online robust locally differen...' not found in arXiv batch. Trying fallbacks...
   => Pushing compressed archive to Google Drive...
   ⚠️ Title 'Unifying Reconstruction and De...' not found in arXiv batch. Trying fallbacks...
   => Pushing compressed archive to Google Drive...
   => Pushing compressed archive to Google Drive...
   => Pushing compressed archive to Google Drive...
   => Pushing compressed archive to Google Drive...
   ⚠️ Title 'UniViT: Unifying Image and Vid...' not found in arXiv batch. Trying fallbacks...
   [Semantic Scholar] Rate limited (429). Blocking S2 for 60s...
   => Pushing compressed archive to Google Drive...
   => Pushing compressed archive to Google Drive...
   => Pushing compressed archive to Google Drive...

[2251-2280/4559] Đang truy vấn metadata arXiv theo lô...
   ⚠️ Title 'Language‑Bias‑Resilient Visual...' not found in arXiv batch. Trying fallbacks...
   [Semantic Scholar] Rate limited (429). Blocking S2 for 60s...
   => Pushing compressed archive to Google Drive...
   => Pushing compressed archive to Google Drive...
   => Pushing compressed archive to Google Drive...
   => Pushing compressed archive to Google Drive...
   ⚠️ Title 'Sketched Adaptive Distributed ...' not found in arXiv batch. Trying fallbacks...
   [Semantic Scholar] Rate limited (429). Blocking S2 for 60s...
   => Pushing compressed archive to Google Drive...
   => Pushing compressed archive to Google Drive...
   ⚠️ Title 'GLNCD: Graph-Level Novel Categ...' not found in arXiv batch. Trying fallbacks...
   ⚠️ Title 'Data Selection Matters: Toward...' not found in arXiv batch. Trying fallbacks...
   => Pushing compressed archive to Google Drive...
   ⚠️ Title 'Boundary-Value PDEs Meet Highe...' not found in arXiv batch. Trying fallbacks...
   => Pushing compressed archive to Google Drive...
   => Pushing compressed archive to Google Drive...
   => Pushing compressed archive to Google Drive...
   ⚠️ Title 'Deno-IF: Unsupervised Noisy Vi...' not found in arXiv batch. Trying fallbacks...
   [Semantic Scholar] Rate limited (429). Blocking S2 for 60s...
   => Pushing compressed archive to Google Drive...
   => Pushing compressed archive to Google Drive...
   => Pushing compressed archive to Google Drive...
   => Pushing compressed archive to Google Drive...
   => Pushing compressed archive to Google Drive...
   => Pushing compressed archive to Google Drive...
   ⚠️ Title 'FedRAM: Federated Reweighting ...' not found in arXiv batch. Trying fallbacks...
   [Semantic Scholar] Rate limited (429). Blocking S2 for 60s...
   ⚠️ Title 'RrED: Black-box Unsupervised D...' not found in arXiv batch. Trying fallbacks...
   => Pushing compressed archive to Google Drive...
   => Pushing compressed archive to Google Drive...
   => Pushing compressed archive to Google Drive...
   => Pushing compressed archive to Google Drive...
   ⚠️ Title 'Universal Causal Inference in ...' not found in arXiv batch. Trying fallbacks...
   ⚠️ Title 'Diffusion on Demand: Selective...' not found in arXiv batch. Trying fallbacks...

[2281-2310/4559] Đang truy vấn metadata arXiv theo lô...
   => Pushing compressed archive to Google Drive...
   => Pushing compressed archive to Google Drive...
   ⚠️ Title 'VPO: Reasoning Preferences Opt...' not found in arXiv batch. Trying fallbacks...
   [Semantic Scholar] Rate limited (429). Blocking S2 for 60s...
   => Pushing compressed archive to Google Drive...
   => Pushing compressed archive to Google Drive...
   => Pushing compressed archive to Google Drive...
   => Pushing compressed archive to Google Drive...
   ⚠️ Title 'Benford’s Curse: Tracing Digit...' not found in arXiv batch. Trying fallbacks...
   => Pushing compressed archive to Google Drive...
   => Pushing compressed archive to Google Drive...
   => Pushing compressed archive to Google Drive...
   => Pushing compressed archive to Google Drive...
   ⚠️ Title 'Statistical Analysis of the Si...' not found in arXiv batch. Trying fallbacks...
   => Pushing compressed archive to Google Drive...
   => Pushing compressed archive to Google Drive...
   ⚠️ Title 'Beyond Expectations: Quantile-...' not found in arXiv batch. Trying fallbacks...
   [Semantic Scholar] Rate limited (429). Blocking S2 for 60s...
   => Pushing compressed archive to Google Drive...
   => Pushing compressed archive to Google Drive...
   => Pushing compressed archive to Google Drive...
   ⚠️ Title 'Rainbow Delay Compensation: A ...' not found in arXiv batch. Trying fallbacks...
   => Pushing compressed archive to Google Drive...
   ⚠️ Title 'Multi-Agent Imitation by Learn...' not found in arXiv batch. Trying fallbacks...
   => Pushing compressed archive to Google Drive...
   ⚠️ Title 'OpenMMEgo: Enhancing Egocentri...' not found in arXiv batch. Trying fallbacks...
   [Semantic Scholar] Rate limited (429). Blocking S2 for 60s...
   ⚠️ Title 'MOF-BFN: Metal-Organic Framewo...' not found in arXiv batch. Trying fallbacks...
   ⚠️ Title 'Data-Free Model Extraction for...' not found in arXiv batch. Trying fallbacks...
   => Pushing compressed archive to Google Drive...
   => Pushing compressed archive to Google Drive...
   => Pushing compressed archive to Google Drive...
   => Pushing compressed archive to Google Drive...

[2311-2340/4559] Đang truy vấn metadata arXiv theo lô...
   ⚠️ Title 'Hierarchical Demonstration Ord...' not found in arXiv batch. Trying fallbacks...
   => Pushing compressed archive to Google Drive...
   ⚠️ Title 'Schrödinger Bridge Matching fo...' not found in arXiv batch. Trying fallbacks...
   [HTML Search] Found ArXiv ID for 'Schrödinger Bridge Matching fo...': 2506.17197
   => Pushing compressed archive to Google Drive...
   => Pushing compressed archive to Google Drive...
   => Pushing compressed archive to Google Drive...
   => Pushing compressed archive to Google Drive...
   ⚠️ Title 'Achieving $\tilde{\mathcal{O}}...' not found in arXiv batch. Trying fallbacks...
   [HTML Search] Found ArXiv ID for 'Achieving $\tilde{\mathcal{O}}...': 2410.15003
   => Pushing compressed archive to Google Drive...
   => Pushing compressed archive to Google Drive...
   => Pushing compressed archive to Google Drive...
   => Pushing compressed archive to Google Drive...
   => Pushing compressed archive to Google Drive...
   => Pushing compressed archive to Google Drive...
   => Pushing compressed archive to Google Drive...
   => Pushing compressed archive to Google Drive...
   => Pushing compressed archive to Google Drive...
   => Pushing compressed archive to Google Drive...
   => Pushing compressed archive to Google Drive...
   => Pushing compressed archive to Google Drive...
   => Pushing compressed archive to Google Drive...
   ⚠️ Title 'OOD-Barrier: Build a Middle-Ba...' not found in arXiv batch. Trying fallbacks...
   [Semantic Scholar] Rate limited (429). Blocking S2 for 60s...
   => Pushing compressed archive to Google Drive...
   ⚠️ Title 'Prior Forgetting and In-Contex...' not found in arXiv batch. Trying fallbacks...
   => Pushing compressed archive to Google Drive...
   => Pushing compressed archive to Google Drive...
   => Pushing compressed archive to Google Drive...
   => Pushing compressed archive to Google Drive...
   => Pushing compressed archive to Google Drive...
   => Pushing compressed archive to Google Drive...
   => Pushing compressed archive to Google Drive...
   => Pushing compressed archive to Google Drive...

[2341-2370/4559] Đang truy vấn metadata arXiv theo lô...
   => Pushing compressed archive to Google Drive...
   => Pushing compressed archive to Google Drive...
   => Pushing compressed archive to Google Drive...
   => Pushing compressed archive to Google Drive...
   => Pushing compressed archive to Google Drive...
   ⚠️ Title 'Understanding Bias Terms in Ne...' not found in arXiv batch. Trying fallbacks...
   [Semantic Scholar] Rate limited (429). Blocking S2 for 60s...
   ⚠️ Title 'From Synapses to Dynamics: Obt...' not found in arXiv batch. Trying fallbacks...
   => Pushing compressed archive to Google Drive...
   ⚠️ Title 'On the Stability and Generaliz...' not found in arXiv batch. Trying fallbacks...
   => Pushing compressed archive to Google Drive...
   => Pushing compressed archive to Google Drive...
   => Pushing compressed archive to Google Drive...
   ⚠️ Title 'When Does Curriculum Learning ...' not found in arXiv batch. Trying fallbacks...
   [Semantic Scholar] Rate limited (429). Blocking S2 for 60s...
   => Pushing compressed archive to Google Drive...
   => Pushing compressed archive to Google Drive...
   ⚠️ Title 'NeuSymEA: Neuro-symbolic Entit...' not found in arXiv batch. Trying fallbacks...
   ⚠️ Title 'Abstract Rendering:  Certified...' not found in arXiv batch. Trying fallbacks...
   => Pushing compressed archive to Google Drive...
   ⚠️ Title 'Detecting Data Deviations in E...' not found in arXiv batch. Trying fallbacks...
   ⚠️ Title 'Towards Reliable LLM-based Rob...' not found in arXiv batch. Trying fallbacks...
   => Pushing compressed archive to Google Drive...
   ⚠️ Title 'High-Order Flow Matching: Unif...' not found in arXiv batch. Trying fallbacks...
   => Pushing compressed archive to Google Drive...
   => Pushing compressed archive to Google Drive...
   => Pushing compressed archive to Google Drive...
   => Pushing compressed archive to Google Drive...
   => Pushing compressed archive to Google Drive...
   => Pushing compressed archive to Google Drive...
   ⚠️ Title 'Scalable Cross-View Sample Ali...' not found in arXiv batch. Trying fallbacks...
   [Semantic Scholar] Rate limited (429). Blocking S2 for 60s...
   => Pushing compressed archive to Google Drive...

[2371-2400/4559] Đang truy vấn metadata arXiv theo lô...
   => Pushing compressed archive to Google Drive...
   ⚠️ Title 'Uniform Wrappers: Bridging Con...' not found in arXiv batch. Trying fallbacks...
   => Pushing compressed archive to Google Drive...
   ⚠️ Title 'Track3R: Joint Point Map and T...' not found in arXiv batch. Trying fallbacks...
   => Pushing compressed archive to Google Drive...
   => Pushing compressed archive to Google Drive...
   => Pushing compressed archive to Google Drive...
   => Pushing compressed archive to Google Drive...
   ⚠️ Title 'Neighborhood Self-Dissimilarit...' not found in arXiv batch. Trying fallbacks...
   ⚠️ Title 'Learning Preferences without I...' not found in arXiv batch. Trying fallbacks...
   => Pushing compressed archive to Google Drive...
   => Pushing compressed archive to Google Drive...
   ⚠️ Title 'Dual Alignment Framework for F...' not found in arXiv batch. Trying fallbacks...
   => Pushing compressed archive to Google Drive...
   => Pushing compressed archive to Google Drive...
   => Pushing compressed archive to Google Drive...
   => Pushing compressed archive to Google Drive...
   => Pushing compressed archive to Google Drive...
   ⚠️ Title 'Computational Hardness of Rein...' not found in arXiv batch. Trying fallbacks...
   [Semantic Scholar] Rate limited (429). Blocking S2 for 60s...
   => Pushing compressed archive to Google Drive...
   => Pushing compressed archive to Google Drive...
   => Pushing compressed archive to Google Drive...
   => Pushing compressed archive to Google Drive...
   => Pushing compressed archive to Google Drive...
   ⚠️ Title 'STAR: Spatial-Temporal Trackle...' not found in arXiv batch. Trying fallbacks...
   => Pushing compressed archive to Google Drive...
   => Pushing compressed archive to Google Drive...
   => Pushing compressed archive to Google Drive...
   => Pushing compressed archive to Google Drive...
   => Pushing compressed archive to Google Drive...

[2401-2430/4559] Đang truy vấn metadata arXiv theo lô...
   => Pushing compressed archive to Google Drive...
   => Pushing compressed archive to Google Drive...
   => Pushing compressed archive to Google Drive...
   => Pushing compressed archive to Google Drive...
   => Pushing compressed archive to Google Drive...
   => Pushing compressed archive to Google Drive...
   => Pushing compressed archive to Google Drive...
   ⚠️ Title 'Generating and Checking DNN Ve...' not found in arXiv batch. Trying fallbacks...
   [Semantic Scholar] Rate limited (429). Blocking S2 for 60s...
   => Pushing compressed archive to Google Drive...
   ⚠️ Title 'IOSTOM: Offline Imitation Lear...' not found in arXiv batch. Trying fallbacks...
   => Pushing compressed archive to Google Drive...
   => Pushing compressed archive to Google Drive...
   => Pushing compressed archive to Google Drive...
   => Pushing compressed archive to Google Drive...
   ⚠️ Title 'SpecEM: Training-Free LLM Ense...' not found in arXiv batch. Trying fallbacks...
   [Semantic Scholar] Rate limited (429). Blocking S2 for 60s...
   => Pushing compressed archive to Google Drive...
   => Pushing compressed archive to Google Drive...
   => Pushing compressed archive to Google Drive...
   => Pushing compressed archive to Google Drive...
   ⚠️ Title 'Neural Combinatorial Optimizat...' not found in arXiv batch. Trying fallbacks...
   => Pushing compressed archive to Google Drive...
   => Pushing compressed archive to Google Drive...
   => Pushing compressed archive to Google Drive...
   ⚠️ Title 'AnimateQR: Bridging Aesthetics...' not found in arXiv batch. Trying fallbacks...
   [Semantic Scholar] Rate limited (429). Blocking S2 for 60s...
   => Pushing compressed archive to Google Drive...
   ⚠️ Title 'REVE: A Foundation Model for E...' not found in arXiv batch. Trying fallbacks...
   [HTML Search] Found ArXiv ID for 'REVE: A Foundation Model for E...': 2510.21585
   => Pushing compressed archive to Google Drive...
   => Pushing compressed archive to Google Drive...
   => Pushing compressed archive to Google Drive...
   => Pushing compressed archive to Google Drive...
   => Pushing compressed archive to Google Drive...

[2431-2460/4559] Đang truy vấn metadata arXiv theo lô...
   => Pushing compressed archive to Google Drive...
   => Pushing compressed archive to Google Drive...
   => Pushing compressed archive to Google Drive...
   => Pushing compressed archive to Google Drive...
   => Pushing compressed archive to Google Drive...
   => Pushing compressed archive to Google Drive...
   => Pushing compressed archive to Google Drive...
   ⚠️ Title 'Point-MaDi: Masked Autoencodin...' not found in arXiv batch. Trying fallbacks...
   [Semantic Scholar] Rate limited (429). Blocking S2 for 60s...
   => Pushing compressed archive to Google Drive...
   => Pushing compressed archive to Google Drive...
   => Pushing compressed archive to Google Drive...
   => Pushing compressed archive to Google Drive...
   => Pushing compressed archive to Google Drive...
   => Pushing compressed archive to Google Drive...
   ⚠️ Title 'Kernel von Mises Formula of th...' not found in arXiv batch. Trying fallbacks...
   ⚠️ Title 'HPSERec: A Hierarchical Partit...' not found in arXiv batch. Trying fallbacks...
   => Pushing compressed archive to Google Drive...
   => Pushing compressed archive to Google Drive...
   => Pushing compressed archive to Google Drive...
   ⚠️ Title 'Bridging Equivariant GNNs and ...' not found in arXiv batch. Trying fallbacks...
   => Pushing compressed archive to Google Drive...
   => Pushing compressed archive to Google Drive...
   => Pushing compressed archive to Google Drive...
   => Pushing compressed archive to Google Drive...
   ⚠️ Title 'ST$^2$360D: Spatial-to-Tempora...' not found in arXiv batch. Trying fallbacks...
   [Semantic Scholar] Rate limited (429). Blocking S2 for 60s...
   ⚠️ Title 'An Effective Levelling Paradig...' not found in arXiv batch. Trying fallbacks...
   => Pushing compressed archive to Google Drive...
   => Pushing compressed archive to Google Drive...
   => Pushing compressed archive to Google Drive...
   => Pushing compressed archive to Google Drive...

[2461-2490/4559] Đang truy vấn metadata arXiv theo lô...
   => Pushing compressed archive to Google Drive...
   ⚠️ Title 'A Reinforcement Learning-based...' not found in arXiv batch. Trying fallbacks...
   [Semantic Scholar] Rate limited (429). Blocking S2 for 60s...
   => Pushing compressed archive to Google Drive...
   => Pushing compressed archive to Google Drive...
   => Pushing compressed archive to Google Drive...
   => Pushing compressed archive to Google Drive...
   => Pushing compressed archive to Google Drive...
   => Pushing compressed archive to Google Drive...
   => Pushing compressed archive to Google Drive...
   => Pushing compressed archive to Google Drive...
   => Pushing compressed archive to Google Drive...
   => Pushing compressed archive to Google Drive...
   ⚠️ Title 'Rethinking Out-of-Distribution...' not found in arXiv batch. Trying fallbacks...
   [Semantic Scholar] Rate limited (429). Blocking S2 for 60s...
   => Pushing compressed archive to Google Drive...
   => Pushing compressed archive to Google Drive...
   => Pushing compressed archive to Google Drive...
   => Pushing compressed archive to Google Drive...
   => Pushing compressed archive to Google Drive...
   ⚠️ Title 'Convergence of the Gradient Fl...' not found in arXiv batch. Trying fallbacks...
   ⚠️ Title 'Online Functional Tensor Decom...' not found in arXiv batch. Trying fallbacks...
   => Pushing compressed archive to Google Drive...
   => Pushing compressed archive to Google Drive...
   => Pushing compressed archive to Google Drive...
   ⚠️ Title 'Whose Instructions Count? Reso...' not found in arXiv batch. Trying fallbacks...
   => Pushing compressed archive to Google Drive...
   => Pushing compressed archive to Google Drive...
   => Pushing compressed archive to Google Drive...
   => Pushing compressed archive to Google Drive...
   => Pushing compressed archive to Google Drive...
   ⚠️ Title 'Multi-agent KTO: Enhancing Str...' not found in arXiv batch. Trying fallbacks...
   [Semantic Scholar] Rate limited (429). Blocking S2 for 60s...

[2491-2520/4559] Đang truy vấn metadata arXiv theo lô...
   => Pushing compressed archive to Google Drive...
   => Pushing compressed archive to Google Drive...
   => Pushing compressed archive to Google Drive...
   => Pushing compressed archive to Google Drive...
   ⚠️ Title 'Gradient Multi-Normalization f...' not found in arXiv batch. Trying fallbacks...
   => Pushing compressed archive to Google Drive...
   => Pushing compressed archive to Google Drive...
   => Pushing compressed archive to Google Drive...
   => Pushing compressed archive to Google Drive...
   ⚠️ Title 'S'MoRE: Structural Mixture of ...' not found in arXiv batch. Trying fallbacks...
   [Semantic Scholar] Rate limited (429). Blocking S2 for 60s...
   ⚠️ Title 'IMPACT: Irregular Multi-Patch ...' not found in arXiv batch. Trying fallbacks...
   => Pushing compressed archive to Google Drive...
   => Pushing compressed archive to Google Drive...
   ⚠️ Title 'InstructHOI: Context-Aware Ins...' not found in arXiv batch. Trying fallbacks...
   => Pushing compressed archive to Google Drive...
   => Pushing compressed archive to Google Drive...
   ⚠️ Title 'Self-Verification Provably Pre...' not found in arXiv batch. Trying fallbacks...
   => Pushing compressed archive to Google Drive...
   => Pushing compressed archive to Google Drive...
   ⚠️ Title 'Multi-Modal Interactive Agent ...' not found in arXiv batch. Trying fallbacks...
   [Semantic Scholar] Rate limited (429). Blocking S2 for 60s...
   => Pushing compressed archive to Google Drive...
   => Pushing compressed archive to Google Drive...
   => Pushing compressed archive to Google Drive...
   ⚠️ Title 'OSTAR: Optimized Statistical T...' not found in arXiv batch. Trying fallbacks...
   => Pushing compressed archive to Google Drive...
   => Pushing compressed archive to Google Drive...
   => Pushing compressed archive to Google Drive...
   => Pushing compressed archive to Google Drive...
   => Pushing compressed archive to Google Drive...
   ⚠️ Title 'A Hierarchy of Graphical Model...' not found in arXiv batch. Trying fallbacks...
   [Semantic Scholar] Rate limited (429). Blocking S2 for 60s...

[2521-2550/4559] Đang truy vấn metadata arXiv theo lô...
   ⚠️ Title 'SONAR: Long-Range Graph Propag...' not found in arXiv batch. Trying fallbacks...
   => Pushing compressed archive to Google Drive...
   => Pushing compressed archive to Google Drive...
   => Pushing compressed archive to Google Drive...
   => Pushing compressed archive to Google Drive...
   => Pushing compressed archive to Google Drive...
   => Pushing compressed archive to Google Drive...
   => Pushing compressed archive to Google Drive...
   => Pushing compressed archive to Google Drive...
   => Pushing compressed archive to Google Drive...
   => Pushing compressed archive to Google Drive...
   => Pushing compressed archive to Google Drive...
   ⚠️ Title 'Towards Multi-Table Learning: ...' not found in arXiv batch. Trying fallbacks...
   [Semantic Scholar] Rate limited (429). Blocking S2 for 60s...
   ⚠️ Title 'Efficient Safe Meta-Reinforcem...' not found in arXiv batch. Trying fallbacks...
   => Pushing compressed archive to Google Drive...
   ⚠️ Title 'Uni-RL: Unifying Online and Of...' not found in arXiv batch. Trying fallbacks...
   => Pushing compressed archive to Google Drive...
   => Pushing compressed archive to Google Drive...
   ⚠️ Title 'Mitigating Instability in High...' not found in arXiv batch. Trying fallbacks...
   => Pushing compressed archive to Google Drive...
   => Pushing compressed archive to Google Drive...
   ⚠️ Title 'CCL: Causal-aware In-context L...' not found in arXiv batch. Trying fallbacks...
   [Semantic Scholar] Rate limited (429). Blocking S2 for 60s...
   => Pushing compressed archive to Google Drive...
   ⚠️ Title 'Extragradient Method for $(L_0...' not found in arXiv batch. Trying fallbacks...
   [HTML Search] Found ArXiv ID for 'Extragradient Method for $(L_0...': 2510.22421
   => Pushing compressed archive to Google Drive...
   ⚠️ Title 'Evaluating the Inductive Abili...' not found in arXiv batch. Trying fallbacks...
   ⚠️ Title 'S$^2$NN: Sub-bit Spiking Neura...' not found in arXiv batch. Trying fallbacks...
   ⚠️ Title 'Solving the Asymmetric Traveli...' not found in arXiv batch. Trying fallbacks...
   => Pushing compressed archive to Google Drive...
   => Pushing compressed archive to Google Drive...
   ⚠️ Title 'Certifying Deep Network Risks ...' not found in arXiv batch. Trying fallbacks...

[2551-2580/4559] Đang truy vấn metadata arXiv theo lô...
   => Pushing compressed archive to Google Drive...
   => Pushing compressed archive to Google Drive...
   => Pushing compressed archive to Google Drive...
   => Pushing compressed archive to Google Drive...
   => Pushing compressed archive to Google Drive...
   => Pushing compressed archive to Google Drive...
   => Pushing compressed archive to Google Drive...
   => Pushing compressed archive to Google Drive...
   => Pushing compressed archive to Google Drive...
   => Pushing compressed archive to Google Drive...
   => Pushing compressed archive to Google Drive...
   => Pushing compressed archive to Google Drive...
   ⚠️ Title 'The Adaptive Complexity of Min...' not found in arXiv batch. Trying fallbacks...
   [Semantic Scholar] Rate limited (429). Blocking S2 for 60s...
   => Pushing compressed archive to Google Drive...
   ⚠️ Title 'Towards a General Attention Fr...' not found in arXiv batch. Trying fallbacks...
   => Pushing compressed archive to Google Drive...
   => Pushing compressed archive to Google Drive...
   => Pushing compressed archive to Google Drive...
   => Pushing compressed archive to Google Drive...
   => Pushing compressed archive to Google Drive...
   ⚠️ Title 'Cypher-RI: Reinforcement Learn...' not found in arXiv batch. Trying fallbacks...
   => Pushing compressed archive to Google Drive...
   => Pushing compressed archive to Google Drive...
   => Pushing compressed archive to Google Drive...
   ⚠️ Title 'LBMKGC: Large Model-Driven Bal...' not found in arXiv batch. Trying fallbacks...
   [Semantic Scholar] Rate limited (429). Blocking S2 for 60s...
   => Pushing compressed archive to Google Drive...
   => Pushing compressed archive to Google Drive...
   => Pushing compressed archive to Google Drive...
   => Pushing compressed archive to Google Drive...
   => Pushing compressed archive to Google Drive...

[2581-2610/4559] Đang truy vấn metadata arXiv theo lô...
   ⚠️ Title 'Improve Temporal Reasoning in ...' not found in arXiv batch. Trying fallbacks...
   => Pushing compressed archive to Google Drive...
   => Pushing compressed archive to Google Drive...
   => Pushing compressed archive to Google Drive...
   => Pushing compressed archive to Google Drive...
   => Pushing compressed archive to Google Drive...
   ⚠️ Title 'A faster training algorithm fo...' not found in arXiv batch. Trying fallbacks...
   [Semantic Scholar] Rate limited (429). Blocking S2 for 60s...
   => Pushing compressed archive to Google Drive...
   => Pushing compressed archive to Google Drive...
   => Pushing compressed archive to Google Drive...
   => Pushing compressed archive to Google Drive...
   => Pushing compressed archive to Google Drive...
   => Pushing compressed archive to Google Drive...
   => Pushing compressed archive to Google Drive...
   => Pushing compressed archive to Google Drive...
   => Pushing compressed archive to Google Drive...
   => Pushing compressed archive to Google Drive...
   => Pushing compressed archive to Google Drive...
   ⚠️ Title 'Refining Norms: A Post-hoc Fra...' not found in arXiv batch. Trying fallbacks...
   [Semantic Scholar] Rate limited (429). Blocking S2 for 60s...
   => Pushing compressed archive to Google Drive...
   => Pushing compressed archive to Google Drive...
   => Pushing compressed archive to Google Drive...
   ⚠️ Title 'Learning from A Single Markovi...' not found in arXiv batch. Trying fallbacks...
   => Pushing compressed archive to Google Drive...
   => Pushing compressed archive to Google Drive...
   => Pushing compressed archive to Google Drive...
   => Pushing compressed archive to Google Drive...
   => Pushing compressed archive to Google Drive...
   => Pushing compressed archive to Google Drive...
   => Pushing compressed archive to Google Drive...

[2611-2640/4559] Đang truy vấn metadata arXiv theo lô...
   => Pushing compressed archive to Google Drive...
   => Pushing compressed archive to Google Drive...
   ⚠️ Title 'Transforming Generic Coder LLM...' not found in arXiv batch. Trying fallbacks...
   [Semantic Scholar] Rate limited (429). Blocking S2 for 60s...
   => Pushing compressed archive to Google Drive...
   => Pushing compressed archive to Google Drive...
   => Pushing compressed archive to Google Drive...
   => Pushing compressed archive to Google Drive...
   => Pushing compressed archive to Google Drive...
   ⚠️ Title 'Diversifying Parallel Ergodic ...' not found in arXiv batch. Trying fallbacks...
   => Pushing compressed archive to Google Drive...
   => Pushing compressed archive to Google Drive...
   ⚠️ Title 'Uncertainty-aware Preference A...' not found in arXiv batch. Trying fallbacks...
   [Semantic Scholar] Rate limited (429). Blocking S2 for 60s...
   => Pushing compressed archive to Google Drive...
   => Pushing compressed archive to Google Drive...
   ⚠️ Title 'Causal Differentiating Concept...' not found in arXiv batch. Trying fallbacks...
   => Pushing compressed archive to Google Drive...
   => Pushing compressed archive to Google Drive...
   ⚠️ Title 'LoSplit: Loss-Guided Dynamic S...' not found in arXiv batch. Trying fallbacks...
   => Pushing compressed archive to Google Drive...
   => Pushing compressed archive to Google Drive...
   => Pushing compressed archive to Google Drive...
   ⚠️ Title 'RUAGO: Effective and Practical...' not found in arXiv batch. Trying fallbacks...
   [Semantic Scholar] Rate limited (429). Blocking S2 for 60s...
   => Pushing compressed archive to Google Drive...
   ⚠️ Title 'Continual Model Merging withou...' not found in arXiv batch. Trying fallbacks...
   => Pushing compressed archive to Google Drive...
   => Pushing compressed archive to Google Drive...
   ⚠️ Title 'Simple Distillation for One-St...' not found in arXiv batch. Trying fallbacks...
   => Pushing compressed archive to Google Drive...
   ⚠️ Title 'Online Strategic Classificatio...' not found in arXiv batch. Trying fallbacks...
   => Pushing compressed archive to Google Drive...

[2641-2670/4559] Đang truy vấn metadata arXiv theo lô...
   => Pushing compressed archive to Google Drive...
   => Pushing compressed archive to Google Drive...
   ⚠️ Title 'Efficient Algorithms for Robus...' not found in arXiv batch. Trying fallbacks...
   ⚠️ Title 'Coloring Learning for Heteroph...' not found in arXiv batch. Trying fallbacks...
   => Pushing compressed archive to Google Drive...
   => Pushing compressed archive to Google Drive...
   => Pushing compressed archive to Google Drive...
   ⚠️ Title 'Scaling Diffusion Transformers...' not found in arXiv batch. Trying fallbacks...
   => Pushing compressed archive to Google Drive...
   ⚠️ Title 'CIDD: Collaborative Intelligen...' not found in arXiv batch. Trying fallbacks...
   [Semantic Scholar] Rate limited (429). Blocking S2 for 60s...
   => Pushing compressed archive to Google Drive...
   => Pushing compressed archive to Google Drive...
   ⚠️ Title 'Tree-Sliced Entropy Partial Tr...' not found in arXiv batch. Trying fallbacks...
   => Pushing compressed archive to Google Drive...
   => Pushing compressed archive to Google Drive...
   => Pushing compressed archive to Google Drive...
   => Pushing compressed archive to Google Drive...
   ⚠️ Title 'Omnidirectional 3D Scene Recon...' not found in arXiv batch. Trying fallbacks...
   => Pushing compressed archive to Google Drive...
   => Pushing compressed archive to Google Drive...
   ⚠️ Title 'Metric Automata Theory: A Unif...' not found in arXiv batch. Trying fallbacks...
   => Pushing compressed archive to Google Drive...
   => Pushing compressed archive to Google Drive...
   ⚠️ Title 'Breakthrough Sensor-Limited Si...' not found in arXiv batch. Trying fallbacks...
   => Pushing compressed archive to Google Drive...
   => Pushing compressed archive to Google Drive...
   => Pushing compressed archive to Google Drive...
   => Pushing compressed archive to Google Drive...
   => Pushing compressed archive to Google Drive...
   ⚠️ Title 'Purity Law for Neural Routing ...' not found in arXiv batch. Trying fallbacks...
   [Semantic Scholar] Rate limited (429). Blocking S2 for 60s...

[2671-2700/4559] Đang truy vấn metadata arXiv theo lô...
   ⚠️ Title 'Confidence-Aware With Prototyp...' not found in arXiv batch. Trying fallbacks...
   => Pushing compressed archive to Google Drive...
   => Pushing compressed archive to Google Drive...
   => Pushing compressed archive to Google Drive...
   => Pushing compressed archive to Google Drive...
   => Pushing compressed archive to Google Drive...
   => Pushing compressed archive to Google Drive...
   => Pushing compressed archive to Google Drive...
   => Pushing compressed archive to Google Drive...
   => Pushing compressed archive to Google Drive...
   => Pushing compressed archive to Google Drive...
   => Pushing compressed archive to Google Drive...
   ⚠️ Title 'Spike4DGS: Towards High-Speed ...' not found in arXiv batch. Trying fallbacks...
   [Semantic Scholar] Rate limited (429). Blocking S2 for 60s...
   => Pushing compressed archive to Google Drive...
   => Pushing compressed archive to Google Drive...
   => Pushing compressed archive to Google Drive...
   => Pushing compressed archive to Google Drive...
   => Pushing compressed archive to Google Drive...
   => Pushing compressed archive to Google Drive...
   => Pushing compressed archive to Google Drive...
   => Pushing compressed archive to Google Drive...
   => Pushing compressed archive to Google Drive...
   => Pushing compressed archive to Google Drive...
   => Pushing compressed archive to Google Drive...
   ⚠️ Title 'Agnostic Active Learning Is Al...' not found in arXiv batch. Trying fallbacks...
   ⚠️ Title 'Edit Flows: Variable Length Di...' not found in arXiv batch. Trying fallbacks...
   [Semantic Scholar] Rate limited (429). Blocking S2 for 60s...
   => Pushing compressed archive to Google Drive...
   => Pushing compressed archive to Google Drive...
   => Pushing compressed archive to Google Drive...
   => Pushing compressed archive to Google Drive...

[2701-2730/4559] Đang truy vấn metadata arXiv theo lô...
   => Pushing compressed archive to Google Drive...
   => Pushing compressed archive to Google Drive...
   => Pushing compressed archive to Google Drive...
   => Pushing compressed archive to Google Drive...
   => Pushing compressed archive to Google Drive...
   ⚠️ Title 'Guarantees for Alternating Lea...' not found in arXiv batch. Trying fallbacks...
   [Semantic Scholar] Rate limited (429). Blocking S2 for 60s...
   => Pushing compressed archive to Google Drive...
   ⚠️ Title 'Miss-ReID: Delivering Robust M...' not found in arXiv batch. Trying fallbacks...
   => Pushing compressed archive to Google Drive...
   ⚠️ Title 'From Indicators to Insights: D...' not found in arXiv batch. Trying fallbacks...
   => Pushing compressed archive to Google Drive...
   => Pushing compressed archive to Google Drive...
   => Pushing compressed archive to Google Drive...
   => Pushing compressed archive to Google Drive...
   ⚠️ Title 'A Closer Look at NTK Alignment...' not found in arXiv batch. Trying fallbacks...
   ⚠️ Title 'Improved Confidence Regions an...' not found in arXiv batch. Trying fallbacks...
   => Pushing compressed archive to Google Drive...
   => Pushing compressed archive to Google Drive...
   => Pushing compressed archive to Google Drive...
   ⚠️ Title 'Globally Optimal Policy Gradie...' not found in arXiv batch. Trying fallbacks...
   [Semantic Scholar] Rate limited (429). Blocking S2 for 60s...
   => Pushing compressed archive to Google Drive...
   => Pushing compressed archive to Google Drive...
   ⚠️ Title 'Reinforced Active Learning for...' not found in arXiv batch. Trying fallbacks...
   ⚠️ Title 'Why Do Some Language Models Fa...' not found in arXiv batch. Trying fallbacks...
   => Pushing compressed archive to Google Drive...
   ⚠️ Title 'Compress & Cache: Vision token...' not found in arXiv batch. Trying fallbacks...
   => Pushing compressed archive to Google Drive...
   => Pushing compressed archive to Google Drive...
   => Pushing compressed archive to Google Drive...
   => Pushing compressed archive to Google Drive...

[2731-2760/4559] Đang truy vấn metadata arXiv theo lô...
   => Pushing compressed archive to Google Drive...
   => Pushing compressed archive to Google Drive...
   ⚠️ Title 'FreqExit: Enabling Early-Exit ...' not found in arXiv batch. Trying fallbacks...
   [Semantic Scholar] Rate limited (429). Blocking S2 for 60s...
   ⚠️ Title 'Does Representation Guarantee ...' not found in arXiv batch. Trying fallbacks...
   => Pushing compressed archive to Google Drive...
   => Pushing compressed archive to Google Drive...
   => Pushing compressed archive to Google Drive...
   => Pushing compressed archive to Google Drive...
   => Pushing compressed archive to Google Drive...
   => Pushing compressed archive to Google Drive...
   => Pushing compressed archive to Google Drive...
   => Pushing compressed archive to Google Drive...
   => Pushing compressed archive to Google Drive...
   => Pushing compressed archive to Google Drive...
   => Pushing compressed archive to Google Drive...
   => Pushing compressed archive to Google Drive...
   => Pushing compressed archive to Google Drive...
   ⚠️ Title 'Towards Robust Uncertainty Cal...' not found in arXiv batch. Trying fallbacks...
   [Semantic Scholar] Rate limited (429). Blocking S2 for 60s...
   => Pushing compressed archive to Google Drive...
   => Pushing compressed archive to Google Drive...
   ⚠️ Title 'One for All: Universal Topolog...' not found in arXiv batch. Trying fallbacks...
   ⚠️ Title 'Stabilizing LTI Systems under ...' not found in arXiv batch. Trying fallbacks...
   => Pushing compressed archive to Google Drive...
   => Pushing compressed archive to Google Drive...
   => Pushing compressed archive to Google Drive...
   => Pushing compressed archive to Google Drive...
   => Pushing compressed archive to Google Drive...
   => Pushing compressed archive to Google Drive...
   => Pushing compressed archive to Google Drive...
   => Pushing compressed archive to Google Drive...

[2761-2790/4559] Đang truy vấn metadata arXiv theo lô...
   => Pushing compressed archive to Google Drive...
   ⚠️ Title 'Unlearning-Aware Minimization...' not found in arXiv batch. Trying fallbacks...
   [Semantic Scholar] Rate limited (429). Blocking S2 for 60s...
   ⚠️ Title 'To Distill or Decide? Understa...' not found in arXiv batch. Trying fallbacks...
   => Pushing compressed archive to Google Drive...
   => Pushing compressed archive to Google Drive...
   => Pushing compressed archive to Google Drive...
   => Pushing compressed archive to Google Drive...
   ⚠️ Title 'Online Learning in the Repeate...' not found in arXiv batch. Trying fallbacks...
   ⚠️ Title 'RidgeLoRA: Matrix Ridge Enhanc...' not found in arXiv batch. Trying fallbacks...
   => Pushing compressed archive to Google Drive...
   => Pushing compressed archive to Google Drive...
   ⚠️ Title 'Discovering Opinion Intervals ...' not found in arXiv batch. Trying fallbacks...
   => Pushing compressed archive to Google Drive...
   => Pushing compressed archive to Google Drive...
   => Pushing compressed archive to Google Drive...
   => Pushing compressed archive to Google Drive...
   => Pushing compressed archive to Google Drive...
   ⚠️ Title 'ShoeFit: A New Dataset and Dua...' not found in arXiv batch. Trying fallbacks...
   [Semantic Scholar] Rate limited (429). Blocking S2 for 60s...
   ⚠️ Title 'On Group Sufficiency Under Lab...' not found in arXiv batch. Trying fallbacks...
   => Pushing compressed archive to Google Drive...
   => Pushing compressed archive to Google Drive...
   => Pushing compressed archive to Google Drive...
   => Pushing compressed archive to Google Drive...
   ⚠️ Title 'DAPO : Improving Multi-Step Re...' not found in arXiv batch. Trying fallbacks...
   => Pushing compressed archive to Google Drive...
   => Pushing compressed archive to Google Drive...
   => Pushing compressed archive to Google Drive...
   => Pushing compressed archive to Google Drive...
   ⚠️ Title 'Robust Label Proportions Learn...' not found in arXiv batch. Trying fallbacks...
   => Pushing compressed archive to Google Drive...

[2791-2820/4559] Đang truy vấn metadata arXiv theo lô...
   ⚠️ Title 'Evolving and Regularizing Meta...' not found in arXiv batch. Trying fallbacks...
   => Pushing compressed archive to Google Drive...
   => Pushing compressed archive to Google Drive...
   => Pushing compressed archive to Google Drive...
   ⚠️ Title 'Unraveling Metameric Dilemma f...' not found in arXiv batch. Trying fallbacks...
   [Semantic Scholar] Rate limited (429). Blocking S2 for 60s...
   => Pushing compressed archive to Google Drive...
   => Pushing compressed archive to Google Drive...
   ⚠️ Title 'DSRF: A Dynamic and Scalable R...' not found in arXiv batch. Trying fallbacks...
   => Pushing compressed archive to Google Drive...
   => Pushing compressed archive to Google Drive...
   => Pushing compressed archive to Google Drive...
   => Pushing compressed archive to Google Drive...
   => Pushing compressed archive to Google Drive...
   => Pushing compressed archive to Google Drive...
   => Pushing compressed archive to Google Drive...
   ⚠️ Title 'Interpreting Arithmetic Reason...' not found in arXiv batch. Trying fallbacks...
   ⚠️ Title 'S$^2$M-Former: Spiking Symmetr...' not found in arXiv batch. Trying fallbacks...
   ⚠️ Title 'Event-Guided Consistent Video ...' not found in arXiv batch. Trying fallbacks...
   [Semantic Scholar] Rate limited (429). Blocking S2 for 60s...
   => Pushing compressed archive to Google Drive...
   => Pushing compressed archive to Google Drive...
   ⚠️ Title 'The Quotient Bayesian Learning...' not found in arXiv batch. Trying fallbacks...
   => Pushing compressed archive to Google Drive...
   => Pushing compressed archive to Google Drive...
   => Pushing compressed archive to Google Drive...
   => Pushing compressed archive to Google Drive...
   => Pushing compressed archive to Google Drive...
   ⚠️ Title 'Towards Generalizable Detector...' not found in arXiv batch. Trying fallbacks...
   => Pushing compressed archive to Google Drive...
   => Pushing compressed archive to Google Drive...
   => Pushing compressed archive to Google Drive...

[2821-2850/4559] Đang truy vấn metadata arXiv theo lô...
   => Pushing compressed archive to Google Drive...
   => Pushing compressed archive to Google Drive...
   => Pushing compressed archive to Google Drive...
   => Pushing compressed archive to Google Drive...
   => Pushing compressed archive to Google Drive...
   => Pushing compressed archive to Google Drive...
   => Pushing compressed archive to Google Drive...
   => Pushing compressed archive to Google Drive...
   ⚠️ Title 'Reasoning Is Not a Race: When ...' not found in arXiv batch. Trying fallbacks...
   [Semantic Scholar] Rate limited (429). Blocking S2 for 60s...
   => Pushing compressed archive to Google Drive...
   => Pushing compressed archive to Google Drive...
   ⚠️ Title 'Unbalanced Optimal Total Varia...' not found in arXiv batch. Trying fallbacks...
   ⚠️ Title 'Prompt Tuning Transformers for...' not found in arXiv batch. Trying fallbacks...
   ⚠️ Title 'SignFlow Bipartite Subgraph Ne...' not found in arXiv batch. Trying fallbacks...
   => Pushing compressed archive to Google Drive...
   => Pushing compressed archive to Google Drive...
   ⚠️ Title 'Price of Parsimony: Complexity...' not found in arXiv batch. Trying fallbacks...
   => Pushing compressed archive to Google Drive...
   ⚠️ Title 'Hypergraph-Enhanced Contrastiv...' not found in arXiv batch. Trying fallbacks...
   => Pushing compressed archive to Google Drive...
   => Pushing compressed archive to Google Drive...
   => Pushing compressed archive to Google Drive...
   ⚠️ Title 'Accelerating Model-Free Optimi...' not found in arXiv batch. Trying fallbacks...
   => Pushing compressed archive to Google Drive...
   => Pushing compressed archive to Google Drive...
   ⚠️ Title 'Learning Source-Free Domain Ad...' not found in arXiv batch. Trying fallbacks...
   => Pushing compressed archive to Google Drive...
   => Pushing compressed archive to Google Drive...
   => Pushing compressed archive to Google Drive...
   => Pushing compressed archive to Google Drive...

[2851-2880/4559] Đang truy vấn metadata arXiv theo lô...
   ⚠️ Title 'Symmetry-Preserving Conformer ...' not found in arXiv batch. Trying fallbacks...
   [Semantic Scholar] Rate limited (429). Blocking S2 for 60s...
   ⚠️ Title 'Generalization Bounds for Mode...' not found in arXiv batch. Trying fallbacks...
   => Pushing compressed archive to Google Drive...
   => Pushing compressed archive to Google Drive...
   => Pushing compressed archive to Google Drive...
   => Pushing compressed archive to Google Drive...
   => Pushing compressed archive to Google Drive...
   => Pushing compressed archive to Google Drive...
   => Pushing compressed archive to Google Drive...
   => Pushing compressed archive to Google Drive...
   ⚠️ Title 'P-Law: Predicting Quantitative...' not found in arXiv batch. Trying fallbacks...
   => Pushing compressed archive to Google Drive...
   => Pushing compressed archive to Google Drive...
   => Pushing compressed archive to Google Drive...
   => Pushing compressed archive to Google Drive...
   ⚠️ Title 'Rebalancing Return Coverage fo...' not found in arXiv batch. Trying fallbacks...
   [Semantic Scholar] Rate limited (429). Blocking S2 for 60s...
   ⚠️ Title 'Localist Topographic Expert Ro...' not found in arXiv batch. Trying fallbacks...
   ⚠️ Title 'Towards a Pairwise Ranking Mod...' not found in arXiv batch. Trying fallbacks...
   => Pushing compressed archive to Google Drive...
   => Pushing compressed archive to Google Drive...
   => Pushing compressed archive to Google Drive...
   => Pushing compressed archive to Google Drive...
   => Pushing compressed archive to Google Drive...
   => Pushing compressed archive to Google Drive...
   => Pushing compressed archive to Google Drive...
   => Pushing compressed archive to Google Drive...
   => Pushing compressed archive to Google Drive...
   ⚠️ Title 'Does Stochastic Gradient reall...' not found in arXiv batch. Trying fallbacks...
   => Pushing compressed archive to Google Drive...
   => Pushing compressed archive to Google Drive...

[2881-2910/4559] Đang truy vấn metadata arXiv theo lô...
   => Pushing compressed archive to Google Drive...
   => Pushing compressed archive to Google Drive...
   => Pushing compressed archive to Google Drive...
   => Pushing compressed archive to Google Drive...
   => Pushing compressed archive to Google Drive...
   => Pushing compressed archive to Google Drive...
   => Pushing compressed archive to Google Drive...
   => Pushing compressed archive to Google Drive...
   => Pushing compressed archive to Google Drive...
   => Pushing compressed archive to Google Drive...
   => Pushing compressed archive to Google Drive...
   => Pushing compressed archive to Google Drive...
   ⚠️ Title 'WMCopier: Forging Invisible Wa...' not found in arXiv batch. Trying fallbacks...
   [Semantic Scholar] Rate limited (429). Blocking S2 for 60s...
   => Pushing compressed archive to Google Drive...
   ⚠️ Title 'Rethinking Fair Federated Lear...' not found in arXiv batch. Trying fallbacks...
   ⚠️ Title 'Where Graph Meets Heterogeneit...' not found in arXiv batch. Trying fallbacks...
   => Pushing compressed archive to Google Drive...
   => Pushing compressed archive to Google Drive...
   => Pushing compressed archive to Google Drive...
   => Pushing compressed archive to Google Drive...
   ⚠️ Title 'FlexWorld: Progressively Expan...' not found in arXiv batch. Trying fallbacks...
   => Pushing compressed archive to Google Drive...
   => Pushing compressed archive to Google Drive...
   => Pushing compressed archive to Google Drive...
   => Pushing compressed archive to Google Drive...
   => Pushing compressed archive to Google Drive...
   => Pushing compressed archive to Google Drive...
   ⚠️ Title 'Asymptotic theory of SGD with ...' not found in arXiv batch. Trying fallbacks...
   [Semantic Scholar] Rate limited (429). Blocking S2 for 60s...
   => Pushing compressed archive to Google Drive...
   ⚠️ Title 'Efficient Representativeness-A...' not found in arXiv batch. Trying fallbacks...

[2911-2940/4559] Đang truy vấn metadata arXiv theo lô...
   => Pushing compressed archive to Google Drive...
   => Pushing compressed archive to Google Drive...
   => Pushing compressed archive to Google Drive...
   ⚠️ Title 'Vulnerable Data-Aware Adversar...' not found in arXiv batch. Trying fallbacks...
   => Pushing compressed archive to Google Drive...
   ⚠️ Title 'Non-Asymptotic Guarantees for ...' not found in arXiv batch. Trying fallbacks...
   => Pushing compressed archive to Google Drive...
   => Pushing compressed archive to Google Drive...
   ⚠️ Title 'Event-based HDR Structured Lig...' not found in arXiv batch. Trying fallbacks...
   [Semantic Scholar] Rate limited (429). Blocking S2 for 60s...
   => Pushing compressed archive to Google Drive...
   => Pushing compressed archive to Google Drive...
   => Pushing compressed archive to Google Drive...
   => Pushing compressed archive to Google Drive...
   => Pushing compressed archive to Google Drive...
   => Pushing compressed archive to Google Drive...
   => Pushing compressed archive to Google Drive...
   => Pushing compressed archive to Google Drive...
   => Pushing compressed archive to Google Drive...
   => Pushing compressed archive to Google Drive...
   => Pushing compressed archive to Google Drive...
   => Pushing compressed archive to Google Drive...
   => Pushing compressed archive to Google Drive...
   => Pushing compressed archive to Google Drive...
   => Pushing compressed archive to Google Drive...
   => Pushing compressed archive to Google Drive...
   => Pushing compressed archive to Google Drive...
   => Pushing compressed archive to Google Drive...
   => Pushing compressed archive to Google Drive...
   => Pushing compressed archive to Google Drive...
   ⚠️ Title 'Reward-oriented Causal Represe...' not found in arXiv batch. Trying fallbacks...
   [Semantic Scholar] Rate limited (429). Blocking S2 for 60s...

[2941-2970/4559] Đang truy vấn metadata arXiv theo lô...
   => Pushing compressed archive to Google Drive...
   => Pushing compressed archive to Google Drive...
   => Pushing compressed archive to Google Drive...
   => Pushing compressed archive to Google Drive...
   => Pushing compressed archive to Google Drive...
   => Pushing compressed archive to Google Drive...
   => Pushing compressed archive to Google Drive...
   ⚠️ Title 'When Worse is Better: Navigati...' not found in arXiv batch. Trying fallbacks...
   [Semantic Scholar] Rate limited (429). Blocking S2 for 60s...
   ⚠️ Title 'Rethinking Scale-Aware Tempora...' not found in arXiv batch. Trying fallbacks...
   => Pushing compressed archive to Google Drive...
   ⚠️ Title 'Democratizing Clinical Risk Pr...' not found in arXiv batch. Trying fallbacks...
   => Pushing compressed archive to Google Drive...
   => Pushing compressed archive to Google Drive...
   => Pushing compressed archive to Google Drive...
   => Pushing compressed archive to Google Drive...
   => Pushing compressed archive to Google Drive...
   => Pushing compressed archive to Google Drive...
   => Pushing compressed archive to Google Drive...
   => Pushing compressed archive to Google Drive...
   => Pushing compressed archive to Google Drive...
   => Pushing compressed archive to Google Drive...
   => Pushing compressed archive to Google Drive...
   => Pushing compressed archive to Google Drive...
   => Pushing compressed archive to Google Drive...
   ⚠️ Title 'Non-stationary Equivariant Gra...' not found in arXiv batch. Trying fallbacks...
   [Semantic Scholar] Rate limited (429). Blocking S2 for 60s...
   => Pushing compressed archive to Google Drive...
   => Pushing compressed archive to Google Drive...
   => Pushing compressed archive to Google Drive...
   => Pushing compressed archive to Google Drive...
   => Pushing compressed archive to Google Drive...

[2971-3000/4559] Đang truy vấn metadata arXiv theo lô...
   => Pushing compressed archive to Google Drive...
   ⚠️ Title 'Machine Unlearning via Task Si...' not found in arXiv batch. Trying fallbacks...
   ⚠️ Title 'PRSformer: Disease Prediction ...' not found in arXiv batch. Trying fallbacks...
   => Pushing compressed archive to Google Drive...
   => Pushing compressed archive to Google Drive...
   => Pushing compressed archive to Google Drive...
   => Pushing compressed archive to Google Drive...
   => Pushing compressed archive to Google Drive...
   => Pushing compressed archive to Google Drive...
   ⚠️ Title 'Ultra-high Resolution Watermar...' not found in arXiv batch. Trying fallbacks...
   ⚠️ Title 'Grids Often Outperform Implici...' not found in arXiv batch. Trying fallbacks...
   ⚠️ Title 'L$^2$M: Mutual Information Sca...' not found in arXiv batch. Trying fallbacks...
   => Pushing compressed archive to Google Drive...
   ⚠️ Title 'Train on Pins and Test on Obst...' not found in arXiv batch. Trying fallbacks...
   => Pushing compressed archive to Google Drive...
   => Pushing compressed archive to Google Drive...
   => Pushing compressed archive to Google Drive...
   => Pushing compressed archive to Google Drive...
   => Pushing compressed archive to Google Drive...
   => Pushing compressed archive to Google Drive...
   => Pushing compressed archive to Google Drive...
   => Pushing compressed archive to Google Drive...
   => Pushing compressed archive to Google Drive...
   => Pushing compressed archive to Google Drive...
   => Pushing compressed archive to Google Drive...
   ⚠️ Title 'Visual Structures Help Visual ...' not found in arXiv batch. Trying fallbacks...
   [Semantic Scholar] Rate limited (429). Blocking S2 for 60s...
   => Pushing compressed archive to Google Drive...
   => Pushing compressed archive to Google Drive...
   => Pushing compressed archive to Google Drive...
   => Pushing compressed archive to Google Drive...

[3001-3030/4559] Đang truy vấn metadata arXiv theo lô...
   => Pushing compressed archive to Google Drive...
   ⚠️ Title 'Cross City Traffic Flow Genera...' not found in arXiv batch. Trying fallbacks...
   => Pushing compressed archive to Google Drive...
   ⚠️ Title 'Taming Adversarial Constraints...' not found in arXiv batch. Trying fallbacks...
   ⚠️ Title 'OSKAR: Omnimodal Self-supervis...' not found in arXiv batch. Trying fallbacks...
   ⚠️ Title 'Hippocampal-like Sequential Ed...' not found in arXiv batch. Trying fallbacks...
   ⚠️ Title 'Accurately Predicting Protein ...' not found in arXiv batch. Trying fallbacks...
   => Pushing compressed archive to Google Drive...
   => Pushing compressed archive to Google Drive...
   ⚠️ Title 'Heterogeneous Graph Transforme...' not found in arXiv batch. Trying fallbacks...
   => Pushing compressed archive to Google Drive...
   => Pushing compressed archive to Google Drive...
   ⚠️ Title 'Knowledge Starts with Practice...' not found in arXiv batch. Trying fallbacks...
   [Semantic Scholar] Rate limited (429). Blocking S2 for 60s...
   ⚠️ Title 'Precise Diffusion Inversion: T...' not found in arXiv batch. Trying fallbacks...
   ⚠️ Title 'Solving Partial Differential E...' not found in arXiv batch. Trying fallbacks...
   ⚠️ Title 'Gaussian Regression-Driven Ten...' not found in arXiv batch. Trying fallbacks...
   => Pushing compressed archive to Google Drive...
   => Pushing compressed archive to Google Drive...
   => Pushing compressed archive to Google Drive...
   => Pushing compressed archive to Google Drive...
   => Pushing compressed archive to Google Drive...
   => Pushing compressed archive to Google Drive...
   => Pushing compressed archive to Google Drive...
   => Pushing compressed archive to Google Drive...
   ⚠️ Title 'You Only Communicate Once: One...' not found in arXiv batch. Trying fallbacks...
   => Pushing compressed archive to Google Drive...
   ⚠️ Title 'Don’t Think Longer, Think Wise...' not found in arXiv batch. Trying fallbacks...
   [Semantic Scholar] Rate limited (429). Blocking S2 for 60s...
   => Pushing compressed archive to Google Drive...
   => Pushing compressed archive to Google Drive...
   => Pushing compressed archive to Google Drive...

[3031-3060/4559] Đang truy vấn metadata arXiv theo lô...
   ⚠️ Title 'Fast-in-Slow: A Dual-System VL...' not found in arXiv batch. Trying fallbacks...
   ⚠️ Title 'Revising and Falsifying Sparse...' not found in arXiv batch. Trying fallbacks...
   => Pushing compressed archive to Google Drive...
   => Pushing compressed archive to Google Drive...
   => Pushing compressed archive to Google Drive...
   => Pushing compressed archive to Google Drive...
   => Pushing compressed archive to Google Drive...
   => Pushing compressed archive to Google Drive...
   => Pushing compressed archive to Google Drive...
   => Pushing compressed archive to Google Drive...
   => Pushing compressed archive to Google Drive...
   => Pushing compressed archive to Google Drive...
   ⚠️ Title 'Online Locally Differentially ...' not found in arXiv batch. Trying fallbacks...
   [Semantic Scholar] Rate limited (429). Blocking S2 for 60s...
   => Pushing compressed archive to Google Drive...
   => Pushing compressed archive to Google Drive...
   ⚠️ Title 'WKV-sharing embraced random sh...' not found in arXiv batch. Trying fallbacks...
   => Pushing compressed archive to Google Drive...
   => Pushing compressed archive to Google Drive...
   => Pushing compressed archive to Google Drive...
   => Pushing compressed archive to Google Drive...
   ⚠️ Title 'Evolutionary Reasoning Does No...' not found in arXiv batch. Trying fallbacks...
   => Pushing compressed archive to Google Drive...
   => Pushing compressed archive to Google Drive...
   ⚠️ Title 'Unlocking SLM Potential for Da...' not found in arXiv batch. Trying fallbacks...
   ⚠️ Title 'True Impact of Cascade Length ...' not found in arXiv batch. Trying fallbacks...
   => Pushing compressed archive to Google Drive...
   => Pushing compressed archive to Google Drive...
   ⚠️ Title 'Spatiotemporal Consensus with ...' not found in arXiv batch. Trying fallbacks...
   => Pushing compressed archive to Google Drive...
   => Pushing compressed archive to Google Drive...

[3061-3090/4559] Đang truy vấn metadata arXiv theo lô...
   => Pushing compressed archive to Google Drive...
   => Pushing compressed archive to Google Drive...
   => Pushing compressed archive to Google Drive...
   => Pushing compressed archive to Google Drive...
   => Pushing compressed archive to Google Drive...
   => Pushing compressed archive to Google Drive...
   => Pushing compressed archive to Google Drive...
   => Pushing compressed archive to Google Drive...
   ⚠️ Title 'Can Dependencies Induced by LL...' not found in arXiv batch. Trying fallbacks...
   [Semantic Scholar] Rate limited (429). Blocking S2 for 60s...
   => Pushing compressed archive to Google Drive...
   ⚠️ Title 'GauSAM: Contour‑Guided 2D Gaus...' not found in arXiv batch. Trying fallbacks...
   => Pushing compressed archive to Google Drive...
   => Pushing compressed archive to Google Drive...
   => Pushing compressed archive to Google Drive...
   => Pushing compressed archive to Google Drive...
   => Pushing compressed archive to Google Drive...
   => Pushing compressed archive to Google Drive...
   => Pushing compressed archive to Google Drive...
   ⚠️ Title 'An Ellipsoid Algorithm for Onl...' not found in arXiv batch. Trying fallbacks...
   [Semantic Scholar] Rate limited (429). Blocking S2 for 60s...
   => Pushing compressed archive to Google Drive...
   => Pushing compressed archive to Google Drive...
   => Pushing compressed archive to Google Drive...
   => Pushing compressed archive to Google Drive...
   ⚠️ Title 'Understanding and Enhancing Me...' not found in arXiv batch. Trying fallbacks...
   => Pushing compressed archive to Google Drive...
   ⚠️ Title '$\mu$PC: Scaling Predictive Co...' not found in arXiv batch. Trying fallbacks...
   [HTML Search] Found ArXiv ID for '$\mu$PC: Scaling Predictive Co...': 2505.13124
   => Pushing compressed archive to Google Drive...
   ⚠️ Title 'Boosting Knowledge Utilization...' not found in arXiv batch. Trying fallbacks...
   => Pushing compressed archive to Google Drive...
   => Pushing compressed archive to Google Drive...
   => Pushing compressed archive to Google Drive...

[3091-3120/4559] Đang truy vấn metadata arXiv theo lô...
   => Pushing compressed archive to Google Drive...
   => Pushing compressed archive to Google Drive...
   => Pushing compressed archive to Google Drive...
   => Pushing compressed archive to Google Drive...
   ⚠️ Title 'Physics-informed Neural Operat...' not found in arXiv batch. Trying fallbacks...
   [Semantic Scholar] Rate limited (429). Blocking S2 for 60s...
   => Pushing compressed archive to Google Drive...
   => Pushing compressed archive to Google Drive...
   => Pushing compressed archive to Google Drive...
   => Pushing compressed archive to Google Drive...
   => Pushing compressed archive to Google Drive...
   => Pushing compressed archive to Google Drive...
   ⚠️ Title 'Understanding Data Influence i...' not found in arXiv batch. Trying fallbacks...
   => Pushing compressed archive to Google Drive...
   => Pushing compressed archive to Google Drive...
   => Pushing compressed archive to Google Drive...
   => Pushing compressed archive to Google Drive...
   => Pushing compressed archive to Google Drive...
   => Pushing compressed archive to Google Drive...
   ⚠️ Title 'Self-supervised Blending Struc...' not found in arXiv batch. Trying fallbacks...
   => Pushing compressed archive to Google Drive...
   => Pushing compressed archive to Google Drive...
   => Pushing compressed archive to Google Drive...
   => Pushing compressed archive to Google Drive...
   ⚠️ Title 'Aligning Text-to-Image Diffusi...' not found in arXiv batch. Trying fallbacks...
   [Semantic Scholar] Rate limited (429). Blocking S2 for 60s...
   => Pushing compressed archive to Google Drive...
   => Pushing compressed archive to Google Drive...
   => Pushing compressed archive to Google Drive...
   => Pushing compressed archive to Google Drive...
   => Pushing compressed archive to Google Drive...
   => Pushing compressed archive to Google Drive...

[3121-3150/4559] Đang truy vấn metadata arXiv theo lô...
   ⚠️ Title 'Bipolar Self-attention for Spi...' not found in arXiv batch. Trying fallbacks...
   => Pushing compressed archive to Google Drive...
   => Pushing compressed archive to Google Drive...
   => Pushing compressed archive to Google Drive...
   ⚠️ Title 'Image as a World: Generating I...' not found in arXiv batch. Trying fallbacks...
   => Pushing compressed archive to Google Drive...
   ⚠️ Title 'Understanding Contrastive Lear...' not found in arXiv batch. Trying fallbacks...
   => Pushing compressed archive to Google Drive...
   => Pushing compressed archive to Google Drive...
   => Pushing compressed archive to Google Drive...
   => Pushing compressed archive to Google Drive...
   ⚠️ Title 'Probing Hidden Knowledge Holes...' not found in arXiv batch. Trying fallbacks...
   [Semantic Scholar] Rate limited (429). Blocking S2 for 60s...
   => Pushing compressed archive to Google Drive...
   ⚠️ Title 'In-Context Compositional Learn...' not found in arXiv batch. Trying fallbacks...
   => Pushing compressed archive to Google Drive...
   => Pushing compressed archive to Google Drive...
   => Pushing compressed archive to Google Drive...
   => Pushing compressed archive to Google Drive...
   => Pushing compressed archive to Google Drive...
   => Pushing compressed archive to Google Drive...
   => Pushing compressed archive to Google Drive...
   => Pushing compressed archive to Google Drive...
   => Pushing compressed archive to Google Drive...
   => Pushing compressed archive to Google Drive...
   ⚠️ Title 'Surface-Aware Feed-Forward Qua...' not found in arXiv batch. Trying fallbacks...
   [Semantic Scholar] Rate limited (429). Blocking S2 for 60s...
   => Pushing compressed archive to Google Drive...
   => Pushing compressed archive to Google Drive...
   => Pushing compressed archive to Google Drive...
   ⚠️ Title 'Agents Robust to Distribution ...' not found in arXiv batch. Trying fallbacks...
   => Pushing compressed archive to Google Drive...

[3151-3180/4559] Đang truy vấn metadata arXiv theo lô...
   ⚠️ Title 'InstructFlow: Adaptive Symboli...' not found in arXiv batch. Trying fallbacks...
   => Pushing compressed archive to Google Drive...
   => Pushing compressed archive to Google Drive...
   => Pushing compressed archive to Google Drive...
   => Pushing compressed archive to Google Drive...
   => Pushing compressed archive to Google Drive...
   => Pushing compressed archive to Google Drive...
   ⚠️ Title 'Single-Step Operator Learning ...' not found in arXiv batch. Trying fallbacks...
   => Pushing compressed archive to Google Drive...
   ⚠️ Title 'SparseMVC: Probing Cross-view ...' not found in arXiv batch. Trying fallbacks...
   ⚠️ Title 'Policy Gradient Methods Conver...' not found in arXiv batch. Trying fallbacks...
   => Pushing compressed archive to Google Drive...
   => Pushing compressed archive to Google Drive...
   ⚠️ Title 'Scalable Signature Kernel Comp...' not found in arXiv batch. Trying fallbacks...
   [Semantic Scholar] Rate limited (429). Blocking S2 for 60s...
   => Pushing compressed archive to Google Drive...
   => Pushing compressed archive to Google Drive...
   => Pushing compressed archive to Google Drive...
   => Pushing compressed archive to Google Drive...
   => Pushing compressed archive to Google Drive...
   => Pushing compressed archive to Google Drive...
   => Pushing compressed archive to Google Drive...
   => Pushing compressed archive to Google Drive...
   ⚠️ Title 'Multi-Objective One-Shot Pruni...' not found in arXiv batch. Trying fallbacks...
   => Pushing compressed archive to Google Drive...
   => Pushing compressed archive to Google Drive...
   => Pushing compressed archive to Google Drive...
   => Pushing compressed archive to Google Drive...
   => Pushing compressed archive to Google Drive...
   => Pushing compressed archive to Google Drive...
   => Pushing compressed archive to Google Drive...

[3181-3210/4559] Đang truy vấn metadata arXiv theo lô...
   => Pushing compressed archive to Google Drive...
   => Pushing compressed archive to Google Drive...
   => Pushing compressed archive to Google Drive...
   => Pushing compressed archive to Google Drive...
   => Pushing compressed archive to Google Drive...
   => Pushing compressed archive to Google Drive...
   => Pushing compressed archive to Google Drive...
   => Pushing compressed archive to Google Drive...
   ⚠️ Title 'KSP: Kolmogorov-Smirnov metric...' not found in arXiv batch. Trying fallbacks...
   [Semantic Scholar] Rate limited (429). Blocking S2 for 60s...
   => Pushing compressed archive to Google Drive...
   => Pushing compressed archive to Google Drive...
   => Pushing compressed archive to Google Drive...
   => Pushing compressed archive to Google Drive...
   => Pushing compressed archive to Google Drive...
   ⚠️ Title 'Adaptive Preference Arithmetic...' not found in arXiv batch. Trying fallbacks...
   => Pushing compressed archive to Google Drive...
   ⚠️ Title 'Topology-aware Graph Diffusion...' not found in arXiv batch. Trying fallbacks...
   => Pushing compressed archive to Google Drive...
   => Pushing compressed archive to Google Drive...
   => Pushing compressed archive to Google Drive...
   ⚠️ Title 'AutoPartGen: Autoregressive 3D...' not found in arXiv batch. Trying fallbacks...
   => Pushing compressed archive to Google Drive...
   ⚠️ Title 'Generative Data Augmentation v...' not found in arXiv batch. Trying fallbacks...
   ⚠️ Title 'Generating Informative Samples...' not found in arXiv batch. Trying fallbacks...
   => Pushing compressed archive to Google Drive...
   ⚠️ Title 'Causality Meets the Table: Deb...' not found in arXiv batch. Trying fallbacks...
   => Pushing compressed archive to Google Drive...
   ⚠️ Title 'Let a Neural Network be Your I...' not found in arXiv batch. Trying fallbacks...
   => Pushing compressed archive to Google Drive...
   => Pushing compressed archive to Google Drive...

[3211-3240/4559] Đang truy vấn metadata arXiv theo lô...
   => Pushing compressed archive to Google Drive...
   => Pushing compressed archive to Google Drive...
   ⚠️ Title 'Revisiting 1-peer exponential ...' not found in arXiv batch. Trying fallbacks...
   => Pushing compressed archive to Google Drive...
   => Pushing compressed archive to Google Drive...
   => Pushing compressed archive to Google Drive...
   => Pushing compressed archive to Google Drive...
   ⚠️ Title 'Improving Task-Specific Multim...' not found in arXiv batch. Trying fallbacks...
   [Semantic Scholar] Rate limited (429). Blocking S2 for 60s...
   => Pushing compressed archive to Google Drive...
   ⚠️ Title 'Efficiently Scaling LLM Reason...' not found in arXiv batch. Trying fallbacks...
   => Pushing compressed archive to Google Drive...
   => Pushing compressed archive to Google Drive...
   ⚠️ Title 'Variational Pólya Tree...' not found in arXiv batch. Trying fallbacks...
   => Pushing compressed archive to Google Drive...
   ⚠️ Title 'Robust and Scalable Autonomous...' not found in arXiv batch. Trying fallbacks...
   => Pushing compressed archive to Google Drive...
   ⚠️ Title 'A Token is Worth over 1,000 To...' not found in arXiv batch. Trying fallbacks...
   [HTML Search] Found ArXiv ID for 'A Token is Worth over 1,000 To...': 2505.12781
   => Pushing compressed archive to Google Drive...
   => Pushing compressed archive to Google Drive...
   => Pushing compressed archive to Google Drive...
   => Pushing compressed archive to Google Drive...
   => Pushing compressed archive to Google Drive...
   => Pushing compressed archive to Google Drive...
   => Pushing compressed archive to Google Drive...
   ⚠️ Title 'Optimal Minimum Width for the ...' not found in arXiv batch. Trying fallbacks...
   => Pushing compressed archive to Google Drive...
   ⚠️ Title 'ECO: Evolving Core Knowledge f...' not found in arXiv batch. Trying fallbacks...
   => Pushing compressed archive to Google Drive...
   => Pushing compressed archive to Google Drive...
   => Pushing compressed archive to Google Drive...
   => Pushing compressed archive to Google Drive...

[3241-3270/4559] Đang truy vấn metadata arXiv theo lô...
   => Pushing compressed archive to Google Drive...
   => Pushing compressed archive to Google Drive...
   ⚠️ Title 'Efficient and Generalizable Mi...' not found in arXiv batch. Trying fallbacks...
   [Semantic Scholar] Rate limited (429). Blocking S2 for 60s...
   => Pushing compressed archive to Google Drive...
   ⚠️ Title 'Generative property enhancer: ...' not found in arXiv batch. Trying fallbacks...
   => Pushing compressed archive to Google Drive...
   => Pushing compressed archive to Google Drive...
   => Pushing compressed archive to Google Drive...
   => Pushing compressed archive to Google Drive...
   => Pushing compressed archive to Google Drive...
   => Pushing compressed archive to Google Drive...
   ⚠️ Title 'The Dual Nature of Plasticity ...' not found in arXiv batch. Trying fallbacks...
   [Semantic Scholar] Rate limited (429). Blocking S2 for 60s...
   ⚠️ Title 'EPA: Boosting Event-based Vide...' not found in arXiv batch. Trying fallbacks...
   => Pushing compressed archive to Google Drive...
   ⚠️ Title 'PointTruss: K-Truss for Point ...' not found in arXiv batch. Trying fallbacks...
   => Pushing compressed archive to Google Drive...
   ⚠️ Title 'Learning to Rank for In-Contex...' not found in arXiv batch. Trying fallbacks...
   ⚠️ Title 'Towards Robust Parameter-Effic...' not found in arXiv batch. Trying fallbacks...
   => Pushing compressed archive to Google Drive...
   => Pushing compressed archive to Google Drive...
   ⚠️ Title 'Uncertainty-Informed Meta Pseu...' not found in arXiv batch. Trying fallbacks...
   => Pushing compressed archive to Google Drive...
   => Pushing compressed archive to Google Drive...
   => Pushing compressed archive to Google Drive...
   ⚠️ Title 'The Cost of Compression: Tight...' not found in arXiv batch. Trying fallbacks...
   [HTML Search] Found ArXiv ID for 'The Cost of Compression: Tight...': 2507.16345
   => Pushing compressed archive to Google Drive...
   => Pushing compressed archive to Google Drive...
   => Pushing compressed archive to Google Drive...
   => Pushing compressed archive to Google Drive...
   => Pushing compressed archive to Google Drive...
   => Pushing compressed archive to Google Drive...

[3271-3300/4559] Đang truy vấn metadata arXiv theo lô...
   => Pushing compressed archive to Google Drive...
   => Pushing compressed archive to Google Drive...
   => Pushing compressed archive to Google Drive...
   => Pushing compressed archive to Google Drive...
   ⚠️ Title 'Non-Convex Tensor Recovery fro...' not found in arXiv batch. Trying fallbacks...
   [Semantic Scholar] Rate limited (429). Blocking S2 for 60s...
   => Pushing compressed archive to Google Drive...
   => Pushing compressed archive to Google Drive...
   => Pushing compressed archive to Google Drive...
   => Pushing compressed archive to Google Drive...
   ⚠️ Title 'Progress Reward Model for Rein...' not found in arXiv batch. Trying fallbacks...
   => Pushing compressed archive to Google Drive...
   ⚠️ Title 'Convex Potential Mirror Langev...' not found in arXiv batch. Trying fallbacks...
   => Pushing compressed archive to Google Drive...
   => Pushing compressed archive to Google Drive...
   => Pushing compressed archive to Google Drive...
   ⚠️ Title 'Time-uniform and Asymptotic Co...' not found in arXiv batch. Trying fallbacks...
   => Pushing compressed archive to Google Drive...
   => Pushing compressed archive to Google Drive...
   => Pushing compressed archive to Google Drive...
   => Pushing compressed archive to Google Drive...
   => Pushing compressed archive to Google Drive...
   ⚠️ Title 'GeGS-PCR: Fast and Robust Colo...' not found in arXiv batch. Trying fallbacks...
   [Semantic Scholar] Rate limited (429). Blocking S2 for 60s...
   => Pushing compressed archive to Google Drive...
   => Pushing compressed archive to Google Drive...
   ⚠️ Title '3D Human Pose Estimation with ...' not found in arXiv batch. Trying fallbacks...
   => Pushing compressed archive to Google Drive...
   => Pushing compressed archive to Google Drive...
   => Pushing compressed archive to Google Drive...
   => Pushing compressed archive to Google Drive...
   => Pushing compressed archive to Google Drive...

[3301-3330/4559] Đang truy vấn metadata arXiv theo lô...
   => Pushing compressed archive to Google Drive...
   ⚠️ Title 'The Overthinker's DIET: Cuttin...' not found in arXiv batch. Trying fallbacks...
   => Pushing compressed archive to Google Drive...
   => Pushing compressed archive to Google Drive...
   => Pushing compressed archive to Google Drive...
   => Pushing compressed archive to Google Drive...
   ⚠️ Title 'SpecMAS: A Multi-Agent System ...' not found in arXiv batch. Trying fallbacks...
   [Semantic Scholar] Rate limited (429). Blocking S2 for 60s...
   => Pushing compressed archive to Google Drive...
   ⚠️ Title 'STAR: Efficient Preference-bas...' not found in arXiv batch. Trying fallbacks...
   => Pushing compressed archive to Google Drive...
   ⚠️ Title 'Rethinking Entropy in Test-Tim...' not found in arXiv batch. Trying fallbacks...
   => Pushing compressed archive to Google Drive...
   => Pushing compressed archive to Google Drive...
   => Pushing compressed archive to Google Drive...
   ⚠️ Title 'BrainODE: Neural Shape Dynamic...' not found in arXiv batch. Trying fallbacks...
   => Pushing compressed archive to Google Drive...
   => Pushing compressed archive to Google Drive...
   => Pushing compressed archive to Google Drive...
   ⚠️ Title 'CURV: Coherent Uncertainty-Awa...' not found in arXiv batch. Trying fallbacks...
   => Pushing compressed archive to Google Drive...
   ⚠️ Title 'Enhancing LLM Planning for Rob...' not found in arXiv batch. Trying fallbacks...
   => Pushing compressed archive to Google Drive...
   => Pushing compressed archive to Google Drive...
   => Pushing compressed archive to Google Drive...
   => Pushing compressed archive to Google Drive...
   => Pushing compressed archive to Google Drive...
   => Pushing compressed archive to Google Drive...
   => Pushing compressed archive to Google Drive...
   ⚠️ Title 'TreeSplat: Mergeable Tree for ...' not found in arXiv batch. Trying fallbacks...
   [Semantic Scholar] Rate limited (429). Blocking S2 for 60s...
   => Pushing compressed archive to Google Drive...

[3331-3360/4559] Đang truy vấn metadata arXiv theo lô...
   => Pushing compressed archive to Google Drive...
   => Pushing compressed archive to Google Drive...
   => Pushing compressed archive to Google Drive...
   => Pushing compressed archive to Google Drive...
   => Pushing compressed archive to Google Drive...
   => Pushing compressed archive to Google Drive...
   => Pushing compressed archive to Google Drive...
   => Pushing compressed archive to Google Drive...
   => Pushing compressed archive to Google Drive...
   ⚠️ Title 'Learning to Control Free-Form ...' not found in arXiv batch. Trying fallbacks...
   [Semantic Scholar] Rate limited (429). Blocking S2 for 60s...
   => Pushing compressed archive to Google Drive...
   => Pushing compressed archive to Google Drive...
   => Pushing compressed archive to Google Drive...
   ⚠️ Title 'OPMapper: Enhancing Open-Vocab...' not found in arXiv batch. Trying fallbacks...
   => Pushing compressed archive to Google Drive...
   => Pushing compressed archive to Google Drive...
   => Pushing compressed archive to Google Drive...
   => Pushing compressed archive to Google Drive...
   => Pushing compressed archive to Google Drive...
   => Pushing compressed archive to Google Drive...
   => Pushing compressed archive to Google Drive...
   ⚠️ Title 'Selftok-Zero: Reinforcement Le...' not found in arXiv batch. Trying fallbacks...
   [Semantic Scholar] Rate limited (429). Blocking S2 for 60s...
   => Pushing compressed archive to Google Drive...
   ⚠️ Title 'StreamFlow: Streaming Audio Ge...' not found in arXiv batch. Trying fallbacks...
   => Pushing compressed archive to Google Drive...
   => Pushing compressed archive to Google Drive...
   => Pushing compressed archive to Google Drive...
   => Pushing compressed archive to Google Drive...
   => Pushing compressed archive to Google Drive...
   => Pushing compressed archive to Google Drive...

[3361-3390/4559] Đang truy vấn metadata arXiv theo lô...
   ⚠️ Title 'REPA Works Until It Doesn’t: E...' not found in arXiv batch. Trying fallbacks...
   => Pushing compressed archive to Google Drive...
   => Pushing compressed archive to Google Drive...
   => Pushing compressed archive to Google Drive...
   => Pushing compressed archive to Google Drive...
   => Pushing compressed archive to Google Drive...
   => Pushing compressed archive to Google Drive...
   => Pushing compressed archive to Google Drive...
   => Pushing compressed archive to Google Drive...
   => Pushing compressed archive to Google Drive...
   => Pushing compressed archive to Google Drive...
   => Pushing compressed archive to Google Drive...
   => Pushing compressed archive to Google Drive...
   => Pushing compressed archive to Google Drive...
   => Pushing compressed archive to Google Drive...
   => Pushing compressed archive to Google Drive...
   => Pushing compressed archive to Google Drive...
   => Pushing compressed archive to Google Drive...
   => Pushing compressed archive to Google Drive...
   => Pushing compressed archive to Google Drive...
   => Pushing compressed archive to Google Drive...
   => Pushing compressed archive to Google Drive...
   ⚠️ Title 'Turning the Tables: Enabling B...' not found in arXiv batch. Trying fallbacks...
   [Semantic Scholar] Rate limited (429). Blocking S2 for 60s...
   => Pushing compressed archive to Google Drive...
   => Pushing compressed archive to Google Drive...
   => Pushing compressed archive to Google Drive...
   => Pushing compressed archive to Google Drive...
   => Pushing compressed archive to Google Drive...
   => Pushing compressed archive to Google Drive...
   ⚠️ Title 'A  Single-Swap Local Search Al...' not found in arXiv batch. Trying fallbacks...

[3391-3420/4559] Đang truy vấn metadata arXiv theo lô...
   => Pushing compressed archive to Google Drive...
   => Pushing compressed archive to Google Drive...
   ⚠️ Title 'Register and [CLS] tokens indu...' not found in arXiv batch. Trying fallbacks...
   [Semantic Scholar] Rate limited (429). Blocking S2 for 60s...
   => Pushing compressed archive to Google Drive...
   => Pushing compressed archive to Google Drive...
   => Pushing compressed archive to Google Drive...
   => Pushing compressed archive to Google Drive...
   => Pushing compressed archive to Google Drive...
   => Pushing compressed archive to Google Drive...
   => Pushing compressed archive to Google Drive...
   => Pushing compressed archive to Google Drive...
   => Pushing compressed archive to Google Drive...
   => Pushing compressed archive to Google Drive...
   => Pushing compressed archive to Google Drive...
   => Pushing compressed archive to Google Drive...
   => Pushing compressed archive to Google Drive...
   => Pushing compressed archive to Google Drive...
   => Pushing compressed archive to Google Drive...
   ⚠️ Title '\(\varepsilon\)-Optimally Solv...' not found in arXiv batch. Trying fallbacks...
   [Semantic Scholar] Rate limited (429). Blocking S2 for 60s...
   => Pushing compressed archive to Google Drive...
   => Pushing compressed archive to Google Drive...
   => Pushing compressed archive to Google Drive...
   ⚠️ Title 'Shapley-Based Data Valuation f...' not found in arXiv batch. Trying fallbacks...
   ⚠️ Title 'Promptable 3-D Object Localiza...' not found in arXiv batch. Trying fallbacks...
   ⚠️ Title 'SGN: Shifted Window-Based Hier...' not found in arXiv batch. Trying fallbacks...
   => Pushing compressed archive to Google Drive...
   => Pushing compressed archive to Google Drive...
   ⚠️ Title 'Collaborative and Confidential...' not found in arXiv batch. Trying fallbacks...
   ⚠️ Title 'When Causal Dynamics Matter: A...' not found in arXiv batch. Trying fallbacks...
   => Pushing compressed archive to Google Drive...

[3421-3450/4559] Đang truy vấn metadata arXiv theo lô...
   => Pushing compressed archive to Google Drive...
   => Pushing compressed archive to Google Drive...
   => Pushing compressed archive to Google Drive...
   => Pushing compressed archive to Google Drive...
   => Pushing compressed archive to Google Drive...
   => Pushing compressed archive to Google Drive...
   ⚠️ Title 'EventMG: Efficient Multilevel ...' not found in arXiv batch. Trying fallbacks...
   => Pushing compressed archive to Google Drive...
   => Pushing compressed archive to Google Drive...
   => Pushing compressed archive to Google Drive...
   ⚠️ Title 'Data-Adaptive Exposure Thresho...' not found in arXiv batch. Trying fallbacks...
   [Semantic Scholar] Rate limited (429). Blocking S2 for 60s...
   => Pushing compressed archive to Google Drive...
   => Pushing compressed archive to Google Drive...
   ⚠️ Title 'Encouraging metric-aware diver...' not found in arXiv batch. Trying fallbacks...
   => Pushing compressed archive to Google Drive...
   ⚠️ Title 'VITRIX-UniViTAR: Unified Visio...' not found in arXiv batch. Trying fallbacks...
   => Pushing compressed archive to Google Drive...
   ⚠️ Title 'Disentangled Cross-Modal Repre...' not found in arXiv batch. Trying fallbacks...
   ⚠️ Title 'Prompt-Guided Alignment with I...' not found in arXiv batch. Trying fallbacks...
   => Pushing compressed archive to Google Drive...
   => Pushing compressed archive to Google Drive...
   => Pushing compressed archive to Google Drive...
   => Pushing compressed archive to Google Drive...
   => Pushing compressed archive to Google Drive...
   => Pushing compressed archive to Google Drive...
   => Pushing compressed archive to Google Drive...
   => Pushing compressed archive to Google Drive...
   => Pushing compressed archive to Google Drive...
   ⚠️ Title 'Beyond Oracle: Verifier-Superv...' not found in arXiv batch. Trying fallbacks...
   [Semantic Scholar] Rate limited (429). Blocking S2 for 60s...
   => Pushing compressed archive to Google Drive...

[3451-3480/4559] Đang truy vấn metadata arXiv theo lô...
   => Pushing compressed archive to Google Drive...
   => Pushing compressed archive to Google Drive...
   => Pushing compressed archive to Google Drive...
   => Pushing compressed archive to Google Drive...
   => Pushing compressed archive to Google Drive...
   => Pushing compressed archive to Google Drive...
   => Pushing compressed archive to Google Drive...
   => Pushing compressed archive to Google Drive...
   => Pushing compressed archive to Google Drive...
   => Pushing compressed archive to Google Drive...
   => Pushing compressed archive to Google Drive...
   => Pushing compressed archive to Google Drive...
   => Pushing compressed archive to Google Drive...
   => Pushing compressed archive to Google Drive...
   ⚠️ Title 'LD-RoViS: Training-free Robust...' not found in arXiv batch. Trying fallbacks...
   [Semantic Scholar] Rate limited (429). Blocking S2 for 60s...
   ⚠️ Title 'Partial Physics Informed Diffu...' not found in arXiv batch. Trying fallbacks...
   => Pushing compressed archive to Google Drive...
   => Pushing compressed archive to Google Drive...
   => Pushing compressed archive to Google Drive...
   => Pushing compressed archive to Google Drive...
   => Pushing compressed archive to Google Drive...
   => Pushing compressed archive to Google Drive...
   ⚠️ Title 'Learning Robust Vision-Languag...' not found in arXiv batch. Trying fallbacks...
   => Pushing compressed archive to Google Drive...
   => Pushing compressed archive to Google Drive...
   => Pushing compressed archive to Google Drive...
   => Pushing compressed archive to Google Drive...
   ⚠️ Title 'Agentic RL Scaling Law: Sponta...' not found in arXiv batch. Trying fallbacks...
   [Semantic Scholar] Rate limited (429). Blocking S2 for 60s...
   => Pushing compressed archive to Google Drive...
   => Pushing compressed archive to Google Drive...

[3481-3510/4559] Đang truy vấn metadata arXiv theo lô...
   => Pushing compressed archive to Google Drive...
   => Pushing compressed archive to Google Drive...
   => Pushing compressed archive to Google Drive...
   => Pushing compressed archive to Google Drive...
   => Pushing compressed archive to Google Drive...
   ⚠️ Title 'Weaver: Shrinking the Generati...' not found in arXiv batch. Trying fallbacks...
   => Pushing compressed archive to Google Drive...
   => Pushing compressed archive to Google Drive...
   => Pushing compressed archive to Google Drive...
   => Pushing compressed archive to Google Drive...
   ⚠️ Title 'Partial Correlation Network Es...' not found in arXiv batch. Trying fallbacks...
   => Pushing compressed archive to Google Drive...
   => Pushing compressed archive to Google Drive...
   => Pushing compressed archive to Google Drive...
   => Pushing compressed archive to Google Drive...
   => Pushing compressed archive to Google Drive...
   ⚠️ Title 'LogicTree: Improving Complex R...' not found in arXiv batch. Trying fallbacks...
   [Semantic Scholar] Rate limited (429). Blocking S2 for 60s...
   => Pushing compressed archive to Google Drive...
   ⚠️ Title 'Modelling the control of offli...' not found in arXiv batch. Trying fallbacks...
   ⚠️ Title 'Efficient Last-Iterate Converg...' not found in arXiv batch. Trying fallbacks...
   => Pushing compressed archive to Google Drive...
   => Pushing compressed archive to Google Drive...
   => Pushing compressed archive to Google Drive...
   => Pushing compressed archive to Google Drive...
   => Pushing compressed archive to Google Drive...
   => Pushing compressed archive to Google Drive...
   => Pushing compressed archive to Google Drive...
   => Pushing compressed archive to Google Drive...
   => Pushing compressed archive to Google Drive...
   => Pushing compressed archive to Google Drive...

[3511-3540/4559] Đang truy vấn metadata arXiv theo lô...
   ⚠️ Title 'Learning Crossmodal Interactio...' not found in arXiv batch. Trying fallbacks...
   [Semantic Scholar] Rate limited (429). Blocking S2 for 60s...
   ⚠️ Title 'Structural Causal Bandits unde...' not found in arXiv batch. Trying fallbacks...
   => Pushing compressed archive to Google Drive...
   => Pushing compressed archive to Google Drive...
   => Pushing compressed archive to Google Drive...
   => Pushing compressed archive to Google Drive...
   ⚠️ Title 'Higher-Order Learning with Gra...' not found in arXiv batch. Trying fallbacks...
   => Pushing compressed archive to Google Drive...
   => Pushing compressed archive to Google Drive...
   => Pushing compressed archive to Google Drive...
   ⚠️ Title 'Bits Leaked per Query: Informa...' not found in arXiv batch. Trying fallbacks...
   => Pushing compressed archive to Google Drive...
   => Pushing compressed archive to Google Drive...
   ⚠️ Title 'Accelerating 3D Molecule Gener...' not found in arXiv batch. Trying fallbacks...
   ⚠️ Title 'Compress Large Language Models...' not found in arXiv batch. Trying fallbacks...
   => Pushing compressed archive to Google Drive...
   => Pushing compressed archive to Google Drive...
   => Pushing compressed archive to Google Drive...
   => Pushing compressed archive to Google Drive...
   => Pushing compressed archive to Google Drive...
   ⚠️ Title 'Hyper-Modality Enhancement for...' not found in arXiv batch. Trying fallbacks...
   => Pushing compressed archive to Google Drive...
   => Pushing compressed archive to Google Drive...
   => Pushing compressed archive to Google Drive...
   => Pushing compressed archive to Google Drive...
   => Pushing compressed archive to Google Drive...
   => Pushing compressed archive to Google Drive...
   => Pushing compressed archive to Google Drive...
   => Pushing compressed archive to Google Drive...
   ⚠️ Title 'Pin the Tail on the Model: Bli...' not found in arXiv batch. Trying fallbacks...
   [Semantic Scholar] Rate limited (429). Blocking S2 for 60s...

[3541-3570/4559] Đang truy vấn metadata arXiv theo lô...
   => Pushing compressed archive to Google Drive...
   => Pushing compressed archive to Google Drive...
   ⚠️ Title 'Theoretical Investigation of A...' not found in arXiv batch. Trying fallbacks...
   => Pushing compressed archive to Google Drive...
   ⚠️ Title 'Learning Gradient Boosted Deci...' not found in arXiv batch. Trying fallbacks...
   ⚠️ Title 'Point4Bit: Post Training 4-bit...' not found in arXiv batch. Trying fallbacks...
   => Pushing compressed archive to Google Drive...
   => Pushing compressed archive to Google Drive...
   => Pushing compressed archive to Google Drive...
   => Pushing compressed archive to Google Drive...
   => Pushing compressed archive to Google Drive...
   => Pushing compressed archive to Google Drive...
   => Pushing compressed archive to Google Drive...
   => Pushing compressed archive to Google Drive...
   => Pushing compressed archive to Google Drive...
   => Pushing compressed archive to Google Drive...
   ⚠️ Title 'ELDET: Early-Learning Distilla...' not found in arXiv batch. Trying fallbacks...
   [Semantic Scholar] Rate limited (429). Blocking S2 for 60s...
   => Pushing compressed archive to Google Drive...
   ⚠️ Title 'SGCD: Stain-Guided CycleDiffus...' not found in arXiv batch. Trying fallbacks...
   => Pushing compressed archive to Google Drive...
   => Pushing compressed archive to Google Drive...
   ⚠️ Title 'Topology-Aware Learning of Tub...' not found in arXiv batch. Trying fallbacks...
   ⚠️ Title 'Reproducing Kernel Banach Spac...' not found in arXiv batch. Trying fallbacks...
   ⚠️ Title 'Adaptive Sigmoid Clipping for ...' not found in arXiv batch. Trying fallbacks...
   => Pushing compressed archive to Google Drive...
   ⚠️ Title 'Functional data analysis for m...' not found in arXiv batch. Trying fallbacks...
   => Pushing compressed archive to Google Drive...
   => Pushing compressed archive to Google Drive...
   => Pushing compressed archive to Google Drive...
   => Pushing compressed archive to Google Drive...

[3571-3600/4559] Đang truy vấn metadata arXiv theo lô...
   => Pushing compressed archive to Google Drive...
   => Pushing compressed archive to Google Drive...
   => Pushing compressed archive to Google Drive...
   => Pushing compressed archive to Google Drive...
   => Pushing compressed archive to Google Drive...
   => Pushing compressed archive to Google Drive...
   => Pushing compressed archive to Google Drive...
   => Pushing compressed archive to Google Drive...
   => Pushing compressed archive to Google Drive...
   => Pushing compressed archive to Google Drive...
   => Pushing compressed archive to Google Drive...
   ⚠️ Title 'DIFFSSR: Stereo Image Super-re...' not found in arXiv batch. Trying fallbacks...
   [Semantic Scholar] Rate limited (429). Blocking S2 for 60s...
   => Pushing compressed archive to Google Drive...
   => Pushing compressed archive to Google Drive...
   => Pushing compressed archive to Google Drive...
   => Pushing compressed archive to Google Drive...
   => Pushing compressed archive to Google Drive...
   ⚠️ Title '$\texttt{BetaConform}$: Effici...' not found in arXiv batch. Trying fallbacks...
   => Pushing compressed archive to Google Drive...
   => Pushing compressed archive to Google Drive...
   => Pushing compressed archive to Google Drive...
   => Pushing compressed archive to Google Drive...
   => Pushing compressed archive to Google Drive...
   ⚠️ Title 'Correlated Low-Rank Adaptation...' not found in arXiv batch. Trying fallbacks...
   [Semantic Scholar] Rate limited (429). Blocking S2 for 60s...
   => Pushing compressed archive to Google Drive...
   => Pushing compressed archive to Google Drive...
   => Pushing compressed archive to Google Drive...
   => Pushing compressed archive to Google Drive...
   => Pushing compressed archive to Google Drive...
   => Pushing compressed archive to Google Drive...

[3601-3630/4559] Đang truy vấn metadata arXiv theo lô...
   ⚠️ Title 'Disentangling Superpositions: ...' not found in arXiv batch. Trying fallbacks...
   [Semantic Scholar] Rate limited (429). Blocking S2 for 60s...
   => Pushing compressed archive to Google Drive...
   => Pushing compressed archive to Google Drive...
   => Pushing compressed archive to Google Drive...
   ⚠️ Title 'Alligat0R: Pre-Training throug...' not found in arXiv batch. Trying fallbacks...
   ⚠️ Title 'WaLRUS: Wavelets for Long rang...' not found in arXiv batch. Trying fallbacks...
   => Pushing compressed archive to Google Drive...
   => Pushing compressed archive to Google Drive...
   ⚠️ Title 'From Likelihood to Fitness: Im...' not found in arXiv batch. Trying fallbacks...
   ⚠️ Title 'Bridging Scales: Spectral Theo...' not found in arXiv batch. Trying fallbacks...
   => Pushing compressed archive to Google Drive...
   => Pushing compressed archive to Google Drive...
   => Pushing compressed archive to Google Drive...
   => Pushing compressed archive to Google Drive...
   => Pushing compressed archive to Google Drive...
   => Pushing compressed archive to Google Drive...
   ⚠️ Title 'Bridging the Gap Between Cross...' not found in arXiv batch. Trying fallbacks...
   [Semantic Scholar] Rate limited (429). Blocking S2 for 60s...
   => Pushing compressed archive to Google Drive...
   => Pushing compressed archive to Google Drive...
   => Pushing compressed archive to Google Drive...
   => Pushing compressed archive to Google Drive...
